﻿SourceFile,SourceFileSha1,Reason
C:\users\Bob\AppData\Local\Box\Box\data\monitor_state.db,91B3C1ACE67623D682614016AF72B16B8FD60A99,Deduped
C:\users\Bob\AppData\Local\Box\Box\data\sync.db,91B3C1ACE67623D682614016AF72B16B8FD60A99,Deduped
C:\users\Bob\AppData\Local\Box\Box\unsyncedFiles\desktop_27.ini,814F119112FB693E17588ADB757086E59EBC7554,Deduped
C:\users\Bob\AppData\Local\Microsoft\OneDrive\logs\Personal\telemetry-dll-ramp-value.txt,8545364B312F0C0C388E476172FADFAFE8E6F3D7,Deduped
C:\users\Bob\AppData\Local\Microsoft\OneDrive\settings\Personal\downloads3.txt,DA39A3EE5E6B4B0D3255BFEF95601890AFD80709,Deduped
C:\users\Bob\AppData\Local\Microsoft\OneDrive\settings\Personal\logUploaderSettings_temp.ini,D973C5FC5F077168A674C7341663751A82991627,Deduped
C:\users\Bob\AppData\Local\Microsoft\OneDrive\settings\Personal\uploads.txt,DA39A3EE5E6B4B0D3255BFEF95601890AFD80709,Deduped
C:\users\Bob\AppData\Local\Microsoft\OneDrive\settings\Personal\Office\16.0\Floodgate\Unknown.SurveyEventActivityStats.json,2FD90B4EC32804DFF7A41B6E63C8B0A40B592113,Deduped
C:\users\Bob\AppData\Local\Google\Drive\ip_lockfile,DA39A3EE5E6B4B0D3255BFEF95601890AFD80709,Deduped
C:\users\Bob\AppData\Local\Google\Drive\lockfile,DA39A3EE5E6B4B0D3255BFEF95601890AFD80709,Deduped
C:\users\Bob\AppData\Local\Google\Drive\user_default\lockfile,DA39A3EE5E6B4B0D3255BFEF95601890AFD80709,Deduped
C:\users\Default\NTUSER.DAT.LOG2,DA39A3EE5E6B4B0D3255BFEF95601890AFD80709,Deduped
