﻿CopiedTimestamp,SourceFile,DestinationFile,FileSize,SourceFileSha1,DeferredCopy,CreatedOnUtc,ModifiedOnUtc,LastAccessedOnUtc,CopyDuration
2020-04-17 16:46:06.7760362,C:\users\Bob\AppData\Local\Box\Box\cache\06f22109-c77e-4c12-b87a-daf72e17b8ab,C:\Users\Bob\Downloads\evidance-DESKTOP-Q50SISB\C\users\Bob\AppData\Local\Box\Box\cache\06f22109-c77e-4c12-b87a-daf72e17b8ab,141250,21384AA4FD37910CC2D1489FB644F1259EF018C1,False,2020-04-17 05:37:13.5026468,2020-04-17 05:37:13.5182835,2020-04-17 14:42:15.9619034,00:00:00.2080794
2020-04-17 16:46:07.2370832,C:\users\Bob\AppData\Local\Box\Box\cache\631a47c0-0d1b-4c5e-951a-d821503b704b,C:\Users\Bob\Downloads\evidance-DESKTOP-Q50SISB\C\users\Bob\AppData\Local\Box\Box\cache\631a47c0-0d1b-4c5e-951a-d821503b704b,62,814F119112FB693E17588ADB757086E59EBC7554,False,2020-04-17 13:09:34.5306218,2020-04-17 13:09:34.5316780,2020-04-17 14:42:16.2728917,00:00:00.0682194
2020-04-17 16:46:07.3461684,C:\users\Bob\AppData\Local\Box\Box\cache\718f03e6-118a-46a4-b25c-827ca571c025,C:\Users\Bob\Downloads\evidance-DESKTOP-Q50SISB\C\users\Bob\AppData\Local\Box\Box\cache\718f03e6-118a-46a4-b25c-827ca571c025,353,8E37CFA08B5F6716065DA172EEF0E1331070431D,False,2020-04-17 13:17:38.8843379,2020-04-17 13:17:38.8843379,2020-04-17 14:42:16.3346769,00:00:00.0217421
2020-04-17 16:46:07.5081255,C:\users\Bob\AppData\Local\Box\Box\cache\c83c7a88-ae97-407f-b6fb-1f2ab3858acd,C:\Users\Bob\Downloads\evidance-DESKTOP-Q50SISB\C\users\Bob\AppData\Local\Box\Box\cache\c83c7a88-ae97-407f-b6fb-1f2ab3858acd,11222,44D53F874FB116C84664AB9C38F5ACEE7F75C6EA,False,2020-04-17 13:23:15.6974287,2020-04-17 13:23:15.6974287,2020-04-17 14:42:16.3953125,00:00:00.0542167
2020-04-17 16:46:07.5883466,C:\users\Bob\AppData\Local\Box\Box\cache\d30d3c68-c8eb-4e32-9b6c-cce6a96f14eb,C:\Users\Bob\Downloads\evidance-DESKTOP-Q50SISB\C\users\Bob\AppData\Local\Box\Box\cache\d30d3c68-c8eb-4e32-9b6c-cce6a96f14eb,638,78303BCEA115706414C880CE56958060C2D6A43F,False,2020-04-17 05:40:38.2913919,2020-04-17 05:40:38.2913919,2020-04-17 14:42:16.4586607,00:00:00.0230069
2020-04-17 16:46:07.8220634,C:\users\Bob\AppData\Local\Box\Box\cache\ea193b15-ebe0-492e-8ff2-109eedfc1386,C:\Users\Bob\Downloads\evidance-DESKTOP-Q50SISB\C\users\Bob\AppData\Local\Box\Box\cache\ea193b15-ebe0-492e-8ff2-109eedfc1386,2144,5A2F7B5CC3C48C844B205FF04B0A5B97F7008591,False,2020-04-17 05:57:03.6256550,2020-04-17 05:57:03.6469547,2020-04-17 14:42:16.6407922,00:00:00.0228868
2020-04-17 16:46:07.8879140,C:\users\Bob\AppData\Local\Box\Box\data\cacert.pem,C:\Users\Bob\Downloads\evidance-DESKTOP-Q50SISB\C\users\Bob\AppData\Local\Box\Box\data\cacert.pem,317974,B9051C44CB11BDAEA07628758924EAD24404A7E1,False,2020-04-17 04:51:21.6834600,2020-04-17 13:09:29.3589723,2020-04-17 14:42:16.7583797,00:00:00.0215797
2020-04-17 16:46:07.9490873,C:\users\Bob\AppData\Local\Box\Box\data\cacert_invalid.pem,C:\Users\Bob\Downloads\evidance-DESKTOP-Q50SISB\C\users\Bob\AppData\Local\Box\Box\data\cacert_invalid.pem,6134,5B3BA27492CFBE9235CA6B9F06541B4CF7B2B274,False,2020-04-17 04:51:22.3705466,2020-04-17 13:09:29.3749596,2020-04-17 14:42:16.8258002,00:00:00.0220014
2020-04-17 16:46:08.0293044,C:\users\Bob\AppData\Local\Box\Box\data\item_status.db,C:\Users\Bob\Downloads\evidance-DESKTOP-Q50SISB\C\users\Bob\AppData\Local\Box\Box\data\item_status.db,5120,5E6268EBD09A63BBB2B45C4AA6EEC1E8AA67CF0F,False,2020-04-17 04:52:31.8630764,2020-04-17 04:52:31.8788464,2020-04-17 14:42:16.8742717,00:00:00.0225873
2020-04-17 16:46:08.0399336,C:\users\Bob\AppData\Local\Box\Box\data\last_migration_version,C:\Users\Bob\Downloads\evidance-DESKTOP-Q50SISB\C\users\Bob\AppData\Local\Box\Box\data\last_migration_version,2,E1822DB470E60D090AFFD0956D743CB0E7CDF113,False,2020-04-17 04:51:15.0734514,2020-04-17 04:51:15.0734514,2020-04-17 14:42:16.8911750,00:00:00.0023459
2020-04-17 16:46:08.1195626,C:\users\Bob\AppData\Local\Box\Box\data\local_state_store.db,C:\Users\Bob\Downloads\evidance-DESKTOP-Q50SISB\C\users\Bob\AppData\Local\Box\Box\data\local_state_store.db,1024,91B3C1ACE67623D682614016AF72B16B8FD60A99,False,2020-04-17 04:52:31.6910960,2020-04-17 04:52:31.6910960,2020-04-17 14:42:16.9130205,00:00:00.0110826
2020-04-17 16:46:08.1947614,C:\users\Bob\AppData\Local\Box\Box\data\local_state_store.db-shm,C:\Users\Bob\Downloads\evidance-DESKTOP-Q50SISB\C\users\Bob\AppData\Local\Box\Box\data\local_state_store.db-shm,32768,73B72D96094F3E04D84B8603816A2407B50B1ED1,False,2020-04-17 05:15:18.6040354,2020-04-17 13:09:34.2074986,2020-04-17 14:42:16.9490257,00:00:00.0338740
2020-04-17 16:46:08.3094854,C:\users\Bob\AppData\Local\Box\Box\data\local_state_store.db-wal,C:\Users\Bob\Downloads\evidance-DESKTOP-Q50SISB\C\users\Bob\AppData\Local\Box\Box\data\local_state_store.db-wal,46144,60691DB9631FC61B4F16D1EDF8BCB2E828C85D10,False,2020-04-17 04:52:31.7701042,2020-04-17 13:29:16.0542036,2020-04-17 14:42:17.0051867,00:00:00.0546278
2020-04-17 16:46:08.4419038,C:\users\Bob\AppData\Local\Box\Box\data\metrics.db,C:\Users\Bob\Downloads\evidance-DESKTOP-Q50SISB\C\users\Bob\AppData\Local\Box\Box\data\metrics.db,10240,F909447D125F1BAC9609735351F4C4E4C3FF12D1,False,2020-04-17 04:51:15.2460291,2020-04-17 13:32:45.6540164,2020-04-17 14:42:17.0559089,00:00:00.0580041
2020-04-17 16:46:08.5661956,C:\users\Bob\AppData\Local\Box\Box\data\monitor_state.db-shm,C:\Users\Bob\Downloads\evidance-DESKTOP-Q50SISB\C\users\Bob\AppData\Local\Box\Box\data\monitor_state.db-shm,32768,941DD15778ADFB36ED26D9B35B9350BFFCF2D8B0,False,2020-04-17 05:15:18.1167076,2020-04-17 13:09:34.1785140,2020-04-17 14:42:17.1333187,00:00:00.0219064
2020-04-17 16:46:08.7781977,C:\users\Bob\AppData\Local\Box\Box\data\monitor_state.db-wal,C:\Users\Bob\Downloads\evidance-DESKTOP-Q50SISB\C\users\Bob\AppData\Local\Box\Box\data\monitor_state.db-wal,212776,C7512B38688578DACCBF1237438DC807964187A2,False,2020-04-17 04:52:31.6285735,2020-04-17 13:31:18.3950961,2020-04-17 14:42:17.2277478,00:00:00.0986636
2020-04-17 16:46:08.8631586,C:\users\Bob\AppData\Local\Box\Box\data\streemfs.db,C:\Users\Bob\Downloads\evidance-DESKTOP-Q50SISB\C\users\Bob\AppData\Local\Box\Box\data\streemfs.db,22528,F168FB004048BB4A6B02084B6397AA3B2331C6E7,False,2020-04-17 04:52:31.2694184,2020-04-17 13:32:46.1545260,2020-04-17 14:42:17.3161543,00:00:00.0338885
2020-04-17 16:46:09.2820027,C:\users\Bob\AppData\Local\Box\Box\data\sync.db-shm,C:\Users\Bob\Downloads\evidance-DESKTOP-Q50SISB\C\users\Bob\AppData\Local\Box\Box\data\sync.db-shm,32768,59236E19872C00FB83DE9A17D4C70676D6D50A57,False,2020-04-17 05:14:37.5885064,2020-04-17 13:09:26.5155870,2020-04-17 14:42:17.3791643,00:00:00.1579585
2020-04-17 16:46:09.9509670,C:\users\Bob\AppData\Local\Box\Box\data\sync.db-wal,C:\Users\Bob\Downloads\evidance-DESKTOP-Q50SISB\C\users\Bob\AppData\Local\Box\Box\data\sync.db-wal,315480,81DC92DC2FA3D199A5ACF847C2D000B9DD4E9FB8,False,2020-04-17 04:51:15.2140633,2020-04-17 13:29:36.3940474,2020-04-17 14:42:17.4442190,00:00:00.2617432
2020-04-17 16:46:10.0376506,C:\users\Bob\AppData\Local\Box\Box\data\shell\sync_root_folder.txt,C:\Users\Bob\Downloads\evidance-DESKTOP-Q50SISB\C\users\Bob\AppData\Local\Box\Box\data\shell\sync_root_folder.txt,0,DA39A3EE5E6B4B0D3255BFEF95601890AFD80709,False,2020-04-17 04:52:32.2383674,2020-04-17 13:32:45.6385567,2020-04-17 13:32:45.6385567,00:00:00
2020-04-17 16:46:10.5234016,C:\users\Bob\AppData\Local\Box\Box\logs\Box-2.13.518.2020-04-16.log,C:\Users\Bob\Downloads\evidance-DESKTOP-Q50SISB\C\users\Bob\AppData\Local\Box\Box\logs\Box-2.13.518.2020-04-16.log,279074,0646E0368E49FD168C3BB4C1DAC7E5F6C24BE643,False,2020-04-17 04:51:14.8704101,2020-04-17 06:03:06.2394885,2020-04-17 14:42:17.5221332,00:00:00.1822901
2020-04-17 16:46:11.2084011,C:\users\Bob\AppData\Local\Box\Box\logs\Box-2.13.518.log,C:\Users\Bob\Downloads\evidance-DESKTOP-Q50SISB\C\users\Bob\AppData\Local\Box\Box\logs\Box-2.13.518.log,133125,699115F350564D45D84E80557F307FEA4D5065D0,False,2020-04-17 04:51:14.8704101,2020-04-17 13:32:45.6697819,2020-04-17 14:42:17.6272296,00:00:00.2976735
2020-04-17 16:46:11.3499061,C:\users\Bob\AppData\Local\Box\Box\logs\BoxUI_0_2020-04-16.log,C:\Users\Bob\Downloads\evidance-DESKTOP-Q50SISB\C\users\Bob\AppData\Local\Box\Box\logs\BoxUI_0_2020-04-16.log,28147,DAB63F760296476D599B139EB7A4CCC37C21D130,False,2020-04-17 04:51:42.0790905,2020-04-17 05:12:39.2631825,2020-04-17 14:42:17.7225409,00:00:00.0559215
2020-04-17 16:46:11.4772400,C:\users\Bob\AppData\Local\Box\Box\logs\BoxUI_1_2020-04-16.log,C:\Users\Bob\Downloads\evidance-DESKTOP-Q50SISB\C\users\Bob\AppData\Local\Box\Box\logs\BoxUI_1_2020-04-16.log,23127,206995C260ACFEFC7B63BBE349EB89F460516B15,False,2020-04-17 05:15:03.0884241,2020-04-17 05:18:47.9741485,2020-04-17 14:42:17.7756413,00:00:00.0672984
2020-04-17 16:46:11.5550193,C:\users\Bob\AppData\Local\Box\Box\logs\BoxUI_2_2020-04-16.log,C:\Users\Bob\Downloads\evidance-DESKTOP-Q50SISB\C\users\Bob\AppData\Local\Box\Box\logs\BoxUI_2_2020-04-16.log,35050,A8A6B3EF1DFA66BD4ABD2F99DC55902BB9BE4D0D,False,2020-04-17 05:21:31.8382954,2020-04-17 06:03:57.6524056,2020-04-17 14:42:17.9989951,00:00:00.0331853
2020-04-17 16:46:11.6792690,C:\users\Bob\AppData\Local\Box\Box\logs\BoxUI_3_2020-04-17.log,C:\Users\Bob\Downloads\evidance-DESKTOP-Q50SISB\C\users\Bob\AppData\Local\Box\Box\logs\BoxUI_3_2020-04-17.log,42589,291263E7EA6660A8A1837AAFA994743377265163,False,2020-04-17 13:09:32.2339678,2020-04-17 13:32:45.9510745,2020-04-17 14:42:18.0466170,00:00:00.0445847
2020-04-17 16:46:11.7466266,C:\users\Bob\AppData\Local\Box\Box\logs\Box_Streem_0_2020-04-16.log,C:\Users\Bob\Downloads\evidance-DESKTOP-Q50SISB\C\users\Bob\AppData\Local\Box\Box\logs\Box_Streem_0_2020-04-16.log,47866,50A1BD5678544B727FCA701042DA8BD9D78A469B,False,2020-04-17 04:52:31.2535089,2020-04-17 05:12:31.6383493,2020-04-17 14:42:18.1177682,00:00:00.0235998
2020-04-17 16:46:11.8243833,C:\users\Bob\AppData\Local\Box\Box\logs\Box_Streem_1_2020-04-16.log,C:\Users\Bob\Downloads\evidance-DESKTOP-Q50SISB\C\users\Bob\AppData\Local\Box\Box\logs\Box_Streem_1_2020-04-16.log,35871,ACE4BBEAEA15CC5991F919A0F07110D6F08A7E40,False,2020-04-17 05:15:15.6390629,2020-04-17 05:18:48.3842026,2020-04-17 14:42:18.1880206,00:00:00.0330874
2020-04-17 16:46:12.1366187,C:\users\Bob\AppData\Local\Box\Box\logs\Box_Streem_2_2020-04-16.log,C:\Users\Bob\Downloads\evidance-DESKTOP-Q50SISB\C\users\Bob\AppData\Local\Box\Box\logs\Box_Streem_2_2020-04-16.log,148920,C8EC75B6413D8DFFDC4BC848E82141260D3BA68C,False,2020-04-17 05:21:47.7186398,2020-04-17 06:03:57.5207047,2020-04-17 14:42:18.2728809,00:00:00.2010650
2020-04-17 16:46:12.2304293,C:\users\Bob\AppData\Local\Box\Box\logs\Box_Streem_3_2020-04-17.log,C:\Users\Bob\Downloads\evidance-DESKTOP-Q50SISB\C\users\Bob\AppData\Local\Box\Box\logs\Box_Streem_3_2020-04-17.log,85756,0DD8E06BE41C0DC78B2CBCA0976D3AD1FE77454C,False,2020-04-17 13:09:34.0685242,2020-04-17 13:32:46.1697075,2020-04-17 14:42:18.3434128,00:00:00.0333189
2020-04-17 16:46:12.2733364,C:\users\Bob\AppData\Local\Box\Box\logs\Shell_Ext_Explorer_000.log,C:\Users\Bob\Downloads\evidance-DESKTOP-Q50SISB\C\users\Bob\AppData\Local\Box\Box\logs\Shell_Ext_Explorer_000.log,330,A803FEA6A9303296644FFC3CBC662A74D8127167,False,2020-04-17 05:18:48.6812890,2020-04-17 06:03:57.8532755,2020-04-17 14:42:18.3903028,00:00:00.0104718
2020-04-17 16:46:12.3391490,C:\users\Bob\AppData\Local\Box\Box\logs\Shell_Ext_Explorer_001.log,C:\Users\Bob\Downloads\evidance-DESKTOP-Q50SISB\C\users\Bob\AppData\Local\Box\Box\logs\Shell_Ext_Explorer_001.log,8484,73AF0A9A9DE2176BFB10F01DF8A9EFCD8C64F12D,False,2020-04-17 05:20:48.6197248,2020-04-17 05:20:49.8234820,2020-04-17 14:42:18.4273442,00:00:00.0333900
2020-04-17 16:46:12.3946129,C:\users\Bob\AppData\Local\Box\Box\logs\Shell_Ext_gkape_000.log,C:\Users\Bob\Downloads\evidance-DESKTOP-Q50SISB\C\users\Bob\AppData\Local\Box\Box\logs\Shell_Ext_gkape_000.log,6784,1B797103EA74C0FB60485C8E70C0FE75B5A1FF67,False,2020-04-17 14:40:37.6061376,2020-04-17 14:40:37.7621734,2020-04-17 14:40:37.7621734,00:00:00.0110263
2020-04-17 16:46:12.4392249,C:\users\Bob\AppData\Local\Box\Box\logs\Shell_Ext_gkape_001.log,C:\Users\Bob\Downloads\evidance-DESKTOP-Q50SISB\C\users\Bob\AppData\Local\Box\Box\logs\Shell_Ext_gkape_001.log,6784,531A2BB94ED0FE4C8EFFE463BE8534C83047F37A,False,2020-04-17 14:55:37.5493585,2020-04-17 14:55:37.7057902,2020-04-17 14:55:37.7057902,00:00:00.0193776
2020-04-17 16:46:12.6004252,C:\users\Bob\AppData\Local\Box\Box\logs\Shell_Ext_RegistryExplorer_000.log,C:\Users\Bob\Downloads\evidance-DESKTOP-Q50SISB\C\users\Bob\AppData\Local\Box\Box\logs\Shell_Ext_RegistryExplorer_000.log,66992,6102BEAF3E67B047D4988B19E74FCE692648F0F6,False,2020-04-17 15:43:12.2275406,2020-04-17 15:43:59.8189625,2020-04-17 15:43:59.8189625,00:00:00.0528393
2020-04-17 16:46:12.8229219,C:\users\Bob\AppData\Local\Box\Box\logs\Shell_Ext_RegistryViewer_000.log,C:\Users\Bob\Downloads\evidance-DESKTOP-Q50SISB\C\users\Bob\AppData\Local\Box\Box\logs\Shell_Ext_RegistryViewer_000.log,73776,E08B89C1C50BFDAFA13857657E9157626B6FAD84,False,2020-04-17 15:32:08.4949001,2020-04-17 15:32:24.3037268,2020-04-17 15:32:24.3037268,00:00:00.0643345
2020-04-17 16:46:13.6104684,C:\users\Bob\AppData\Local\Dropbox\info.json,C:\Users\Bob\Downloads\evidance-DESKTOP-Q50SISB\C\users\Bob\AppData\Local\Dropbox\info.json,118,802DA0F3FBCEA674CBE13AED278F0AA46A52C28E,False,2020-04-17 05:17:02.6473967,2020-04-17 13:10:07.3055005,2020-04-17 14:42:18.5356920,00:00:00.0113363
2020-04-17 16:46:13.6777684,C:\users\Bob\AppData\Local\Dropbox\instance2\config.dbx,C:\Users\Bob\Downloads\evidance-DESKTOP-Q50SISB\C\users\Bob\AppData\Local\Dropbox\instance2\config.dbx,57344,5FAB4B868876A446DD856E318B1C3A860ADFEA77,False,2020-04-17 05:16:16.7348216,2020-04-17 13:33:05.0981870,2020-04-17 14:42:18.5930560,00:00:00.0224454
2020-04-17 16:46:13.7206470,C:\users\Bob\AppData\Roaming\Microsoft\Protect\S-1-5-21-494515978-1259071603-2489610689-1001\c71380a2-a5a6-4c09-996e-6d9953b992c6,C:\Users\Bob\Downloads\evidance-DESKTOP-Q50SISB\C\users\Bob\AppData\Roaming\Microsoft\Protect\S-1-5-21-494515978-1259071603-2489610689-1001\c71380a2-a5a6-4c09-996e-6d9953b992c6,468,D9D7E5E9DA5AA3516522CF49AD6345C288E3C9A5,False,2020-04-17 04:42:16.9125926,2020-04-17 04:42:16.9275506,2020-04-17 14:42:18.6266699,00:00:00.0316405
2020-04-17 16:46:13.7618980,C:\users\Bob\AppData\Roaming\Microsoft\Protect\S-1-5-21-494515978-1259071603-2489610689-1001\Preferred,C:\Users\Bob\Downloads\evidance-DESKTOP-Q50SISB\C\users\Bob\AppData\Roaming\Microsoft\Protect\S-1-5-21-494515978-1259071603-2489610689-1001\Preferred,24,48914D7DCE72E60D5A6358C372AE68BA973CCD9E,False,2020-04-17 04:42:16.9431525,2020-04-17 04:42:16.9431525,2020-04-17 14:10:16.7265856,00:00:00.0324839
2020-04-17 16:46:13.8392590,C:\users\Bob\AppData\Local\Microsoft\OneDrive\logs\Common\DeviceHealthSummaryConfiguration.ini,C:\Users\Bob\Downloads\evidance-DESKTOP-Q50SISB\C\users\Bob\AppData\Local\Microsoft\OneDrive\logs\Common\DeviceHealthSummaryConfiguration.ini,77,885E650DE797D3514C848846846340A9496BD109,False,2020-04-17 05:33:25.8416054,2020-04-17 13:11:08.4885158,2020-04-17 14:42:18.7055045,00:00:00.0197774
2020-04-17 16:46:13.9524136,C:\users\Bob\AppData\Local\Microsoft\OneDrive\logs\Common\FileCoAuth-2020-04-17.0533.4692.1.odl,C:\Users\Bob\Downloads\evidance-DESKTOP-Q50SISB\C\users\Bob\AppData\Local\Microsoft\OneDrive\logs\Common\FileCoAuth-2020-04-17.0533.4692.1.odl,139305,53C9006BE3980B879A8E946D67AC8614F99FAF8D,False,2020-04-17 05:33:25.7628307,2020-04-17 05:56:26.0552046,2020-04-17 14:42:18.7760166,00:00:00.0369945
2020-04-17 16:46:14.2273425,C:\users\Bob\AppData\Local\Microsoft\OneDrive\logs\Common\telemetry-dll-ramp-value.txt,C:\Users\Bob\Downloads\evidance-DESKTOP-Q50SISB\C\users\Bob\AppData\Local\Microsoft\OneDrive\logs\Common\telemetry-dll-ramp-value.txt,8,8545364B312F0C0C388E476172FADFAFE8E6F3D7,False,2020-04-17 05:33:25.7628307,2020-04-17 05:33:25.7628307,2020-04-17 14:42:18.8239934,00:00:00.0689663
2020-04-17 16:46:15.1842798,C:\users\Bob\AppData\Local\Microsoft\OneDrive\logs\Common\telemetryCache.otc.session,C:\Users\Bob\Downloads\evidance-DESKTOP-Q50SISB\C\users\Bob\AppData\Local\Microsoft\OneDrive\logs\Common\telemetryCache.otc.session,20480,3E52FA758271B28266A73DA7A81DBEEE410CB681,False,2020-04-17 05:33:25.7628307,2020-04-17 13:11:08.4412011,2020-04-17 14:42:18.8683741,00:00:00.1162284
2020-04-17 16:46:15.6087129,C:\users\Bob\AppData\Local\Microsoft\OneDrive\logs\Personal\DeviceHealth.json,C:\Users\Bob\Downloads\evidance-DESKTOP-Q50SISB\C\users\Bob\AppData\Local\Microsoft\OneDrive\logs\Personal\DeviceHealth.json,569,F614987DEC154969B61D99BE1B9063E549F0A0AE,False,2020-04-17 05:30:27.1527572,2020-04-17 05:30:27.1527572,2020-04-17 14:42:18.9458647,00:00:00.1720156
2020-04-17 16:46:15.7531056,C:\users\Bob\AppData\Local\Microsoft\OneDrive\logs\Personal\DeviceHealthSummaryConfiguration.ini,C:\Users\Bob\Downloads\evidance-DESKTOP-Q50SISB\C\users\Bob\AppData\Local\Microsoft\OneDrive\logs\Personal\DeviceHealthSummaryConfiguration.ini,77,0B150A854BFBA123F61E171B6AA3272D512CB9C2,False,2020-04-17 05:30:44.3583222,2020-04-17 13:09:42.7797244,2020-04-17 14:42:18.9911910,00:00:00.0235061
2020-04-17 16:46:15.9952371,C:\users\Bob\AppData\Local\Microsoft\OneDrive\logs\Personal\ObfuscationStringMap.txt,C:\Users\Bob\Downloads\evidance-DESKTOP-Q50SISB\C\users\Bob\AppData\Local\Microsoft\OneDrive\logs\Personal\ObfuscationStringMap.txt,24760,CFDD07AF1132312B2E4F72D0CF3909E5DB8739A7,False,2020-04-17 05:32:42.7615808,2020-04-17 13:09:48.9003736,2020-04-17 14:42:19.0391660,00:00:00.1114824
2020-04-17 16:46:16.4611297,C:\users\Bob\AppData\Local\Microsoft\OneDrive\logs\Personal\SyncDiagnostics.log,C:\Users\Bob\Downloads\evidance-DESKTOP-Q50SISB\C\users\Bob\AppData\Local\Microsoft\OneDrive\logs\Personal\SyncDiagnostics.log,3308,E1A13719F2B769486FCDCA526FD7689969D2B393,False,2020-04-17 05:32:42.7607187,2020-04-17 13:09:49.3064317,2020-04-17 14:42:19.1815795,00:00:00.3095610
2020-04-17 16:46:16.8787872,C:\users\Bob\AppData\Local\Microsoft\OneDrive\logs\Personal\SyncEngine-2020-04-17.0529.9096.1.odlsent,C:\Users\Bob\Downloads\evidance-DESKTOP-Q50SISB\C\users\Bob\AppData\Local\Microsoft\OneDrive\logs\Personal\SyncEngine-2020-04-17.0529.9096.1.odlsent,21362,D61DC153F7804D34F95BDF22109939ECBE835F8A,False,2020-04-17 05:30:38.7310004,2020-04-17 05:30:38.7621576,2020-04-17 14:42:19.2374078,00:00:00.2075682
2020-04-17 16:46:16.9851717,C:\users\Bob\AppData\Local\Microsoft\OneDrive\logs\Personal\SyncEngine-2020-04-17.0530.3008.1.odlsent,C:\Users\Bob\Downloads\evidance-DESKTOP-Q50SISB\C\users\Bob\AppData\Local\Microsoft\OneDrive\logs\Personal\SyncEngine-2020-04-17.0530.3008.1.odlsent,28103,E17F887139DCDC933E7D5940329F8759ADB8CADC,False,2020-04-17 05:30:56.0009935,2020-04-17 05:30:56.0318845,2020-04-17 14:42:19.2936178,00:00:00.0327730
2020-04-17 16:46:17.0890461,C:\users\Bob\AppData\Local\Microsoft\OneDrive\logs\Personal\SyncEngine-2020-04-17.0530.8660.1.odlsent,C:\Users\Bob\Downloads\evidance-DESKTOP-Q50SISB\C\users\Bob\AppData\Local\Microsoft\OneDrive\logs\Personal\SyncEngine-2020-04-17.0530.8660.1.odlsent,82196,DFECBB7DA118FDB0B2FBF79F1B49B89C4CFA714D,False,2020-04-17 05:32:42.8735132,2020-04-17 05:32:42.9815039,2020-04-17 14:42:19.3696615,00:00:00.0430173
2020-04-17 16:46:17.1558447,C:\users\Bob\AppData\Local\Microsoft\OneDrive\logs\Personal\SyncEngine-2020-04-17.0532.8660.2.odlsent,C:\Users\Bob\Downloads\evidance-DESKTOP-Q50SISB\C\users\Bob\AppData\Local\Microsoft\OneDrive\logs\Personal\SyncEngine-2020-04-17.0532.8660.2.odlsent,7049,50A5BA0C9F21D9C4CA4F7FDF29E3C7CC03AA89E8,False,2020-04-17 05:32:43.0355323,2020-04-17 05:32:43.0454927,2020-04-17 14:42:19.4573640,00:00:00.0303645
2020-04-17 16:46:17.2296560,C:\users\Bob\AppData\Local\Microsoft\OneDrive\logs\Personal\SyncEngine-2020-04-17.0532.8660.3.odlsent,C:\Users\Bob\Downloads\evidance-DESKTOP-Q50SISB\C\users\Bob\AppData\Local\Microsoft\OneDrive\logs\Personal\SyncEngine-2020-04-17.0532.8660.3.odlsent,9579,6DD94E1211C547C45F3AFD42DCCA6D51B3334DD6,False,2020-04-17 05:32:43.9356230,2020-04-17 05:32:43.9464775,2020-04-17 14:42:19.4887929,00:00:00.0351377
2020-04-17 16:46:17.3655844,C:\users\Bob\AppData\Local\Microsoft\OneDrive\logs\Personal\SyncEngine-2020-04-17.0532.8660.4.odlsent,C:\Users\Bob\Downloads\evidance-DESKTOP-Q50SISB\C\users\Bob\AppData\Local\Microsoft\OneDrive\logs\Personal\SyncEngine-2020-04-17.0532.8660.4.odlsent,50206,A1857781050AEA797DFCA125A808BD09D0C1FDE5,False,2020-04-17 13:09:55.0881837,2020-04-17 13:09:55.1819041,2020-04-17 14:42:19.5475815,00:00:00.0859200
2020-04-17 16:46:17.4427766,C:\users\Bob\AppData\Local\Microsoft\OneDrive\logs\Personal\SyncEngine-2020-04-17.0554.6064.1.odlsent,C:\Users\Bob\Downloads\evidance-DESKTOP-Q50SISB\C\users\Bob\AppData\Local\Microsoft\OneDrive\logs\Personal\SyncEngine-2020-04-17.0554.6064.1.odlsent,16661,714A9F8FB2D894936D7E62D6055B050139E1F866,False,2020-04-17 05:54:10.9244514,2020-04-17 05:54:10.9614830,2020-04-17 14:42:19.6304873,00:00:00.0349069
2020-04-17 16:46:17.6042246,C:\users\Bob\AppData\Local\Microsoft\OneDrive\logs\Personal\SyncEngine-2020-04-17.0554.6064.2.odlsent,C:\Users\Bob\Downloads\evidance-DESKTOP-Q50SISB\C\users\Bob\AppData\Local\Microsoft\OneDrive\logs\Personal\SyncEngine-2020-04-17.0554.6064.2.odlsent,54414,05B4D0A6F6598A45343F9B6ABFC4FE50DB22CDF0,False,2020-04-17 05:54:15.6542626,2020-04-17 05:54:16.0267286,2020-04-17 14:42:19.7003665,00:00:00.0626375
2020-04-17 16:46:17.7056547,C:\users\Bob\AppData\Local\Microsoft\OneDrive\logs\Personal\SyncEngine-2020-04-17.0554.6064.3.odlsent,C:\Users\Bob\Downloads\evidance-DESKTOP-Q50SISB\C\users\Bob\AppData\Local\Microsoft\OneDrive\logs\Personal\SyncEngine-2020-04-17.0554.6064.3.odlsent,6484,086FB901AB367D20777BAB8E3C95F434F296946F,False,2020-04-17 05:54:16.9211148,2020-04-17 05:54:16.9362138,2020-04-17 14:42:19.7789685,00:00:00.0564516
2020-04-17 16:46:17.8138433,C:\users\Bob\AppData\Local\Microsoft\OneDrive\logs\Personal\SyncEngine-2020-04-17.0554.6064.4.odlsent,C:\Users\Bob\Downloads\evidance-DESKTOP-Q50SISB\C\users\Bob\AppData\Local\Microsoft\OneDrive\logs\Personal\SyncEngine-2020-04-17.0554.6064.4.odlsent,42739,E1814E1F4091330ED6298D023695E66EA2BAD6BD,False,2020-04-17 13:09:55.3376546,2020-04-17 13:09:55.4312616,2020-04-17 14:42:19.8210937,00:00:00.0543382
2020-04-17 16:46:17.9117622,C:\users\Bob\AppData\Local\Microsoft\OneDrive\logs\Personal\SyncEngine-2020-04-17.1309.6568.1.odlsent,C:\Users\Bob\Downloads\evidance-DESKTOP-Q50SISB\C\users\Bob\AppData\Local\Microsoft\OneDrive\logs\Personal\SyncEngine-2020-04-17.1309.6568.1.odlsent,58928,57E8AE2C075CF0A91F389EFEADFE561758FF9B34,False,2020-04-17 13:09:48.9159195,2020-04-17 13:09:49.0406287,2020-04-17 14:42:19.9091820,00:00:00.0401345
2020-04-17 16:46:18.0342618,C:\users\Bob\AppData\Local\Microsoft\OneDrive\logs\Personal\SyncEngine-2020-04-17.1309.6568.2.odlsent,C:\Users\Bob\Downloads\evidance-DESKTOP-Q50SISB\C\users\Bob\AppData\Local\Microsoft\OneDrive\logs\Personal\SyncEngine-2020-04-17.1309.6568.2.odlsent,8773,683F35E6ECE3FE733DFBDBEF3DC7BB7C313A9368,False,2020-04-17 13:09:49.1973082,2020-04-17 13:09:49.1973082,2020-04-17 14:42:20.0093595,00:00:00.0597436
2020-04-17 16:46:18.2085732,C:\users\Bob\AppData\Local\Microsoft\OneDrive\logs\Personal\SyncEngine-2020-04-17.1309.6568.3.odl,C:\Users\Bob\Downloads\evidance-DESKTOP-Q50SISB\C\users\Bob\AppData\Local\Microsoft\OneDrive\logs\Personal\SyncEngine-2020-04-17.1309.6568.3.odl,759126,2246958D535A46D91963840CF365827087F14033,False,2020-04-17 13:09:49.1813748,2020-04-17 13:33:26.9170000,2020-04-17 14:42:20.1121108,00:00:00.0889812
2020-04-17 16:46:18.5365152,C:\users\Bob\AppData\Local\Microsoft\OneDrive\logs\Personal\telemetryCache.otc,C:\Users\Bob\Downloads\evidance-DESKTOP-Q50SISB\C\users\Bob\AppData\Local\Microsoft\OneDrive\logs\Personal\telemetryCache.otc,20480,A96F74420936E3DA4F99EA16BE015F93BCBC703B,False,2020-04-17 05:32:28.4976494,2020-04-17 13:33:26.9178607,2020-04-17 14:42:20.2104733,00:00:00.0258086
2020-04-17 16:46:18.6151659,C:\users\Bob\AppData\Local\Microsoft\OneDrive\logs\Personal\telemetryCache.otc.session,C:\Users\Bob\Downloads\evidance-DESKTOP-Q50SISB\C\users\Bob\AppData\Local\Microsoft\OneDrive\logs\Personal\telemetryCache.otc.session,20480,CC01C32C23713BD715E59D97CEB5325E5E1CA0BA,False,2020-04-17 05:29:49.8360437,2020-04-17 13:09:42.7665013,2020-04-17 14:42:20.2945599,00:00:00.0353629
2020-04-17 16:46:18.6779246,C:\users\Bob\AppData\Local\Microsoft\OneDrive\logs\Personal\TraceArchive.1124.0009-1.etl,C:\Users\Bob\Downloads\evidance-DESKTOP-Q50SISB\C\users\Bob\AppData\Local\Microsoft\OneDrive\logs\Personal\TraceArchive.1124.0009-1.etl,12288,A0645728098159BA0959CDA71D4AADEC4CB67EFF,False,2020-04-17 05:30:26.8402900,2020-04-17 05:30:41.1059826,2020-04-17 14:42:20.3733453,00:00:00.0255475
2020-04-17 16:46:18.7176868,C:\users\Bob\AppData\Local\Microsoft\OneDrive\logs\Personal\TraceArchive.1124.0012-2.etl,C:\Users\Bob\Downloads\evidance-DESKTOP-Q50SISB\C\users\Bob\AppData\Local\Microsoft\OneDrive\logs\Personal\TraceArchive.1124.0012-2.etl,4096,AE4E068BF4CD7F5E556D1C8DB5A857E71D8EE9BD,False,2020-04-17 05:30:44.9832739,2020-04-17 05:30:44.9832739,2020-04-17 14:42:20.4499402,00:00:00.0100085
2020-04-17 16:46:18.8078532,C:\users\Bob\AppData\Local\Microsoft\OneDrive\logs\Personal\TraceArchive.1124.0012-3.etl,C:\Users\Bob\Downloads\evidance-DESKTOP-Q50SISB\C\users\Bob\AppData\Local\Microsoft\OneDrive\logs\Personal\TraceArchive.1124.0012-3.etl,4096,0EEAFD607ADB44ABB964C0D28969F7F5AD33B2F1,False,2020-04-17 05:30:44.9832739,2020-04-17 05:54:10.4752254,2020-04-17 14:42:20.5069213,00:00:00.0032108
2020-04-17 16:46:18.8927836,C:\users\Bob\AppData\Local\Microsoft\OneDrive\logs\Personal\TraceCurrent.1124.0012.etl,C:\Users\Bob\Downloads\evidance-DESKTOP-Q50SISB\C\users\Bob\AppData\Local\Microsoft\OneDrive\logs\Personal\TraceCurrent.1124.0012.etl,12288,5CC2CB1FF7EA42FC7B392D264DC3F10378022B34,False,2020-04-17 05:30:44.9832739,2020-04-17 13:33:26.6050489,2020-04-17 14:42:20.5507589,00:00:00.0250844
2020-04-17 16:46:19.1523863,C:\users\Bob\AppData\Local\Microsoft\OneDrive\settings\PreSignInSettingsConfig.json,C:\Users\Bob\Downloads\evidance-DESKTOP-Q50SISB\C\users\Bob\AppData\Local\Microsoft\OneDrive\settings\PreSignInSettingsConfig.json,26906,FE345317A1A25E21FEE90A16DF056C1A34431F6C,False,2020-04-17 05:29:53.7265530,2020-04-17 05:29:53.7265530,2020-04-17 14:42:20.5917891,00:00:00.1565683
2020-04-17 16:46:19.2536455,C:\users\Bob\AppData\Local\Microsoft\OneDrive\settings\Personal\873851f490a1c5b0-ProfileServiceResponse.txt,C:\Users\Bob\Downloads\evidance-DESKTOP-Q50SISB\C\users\Bob\AppData\Local\Microsoft\OneDrive\settings\Personal\873851f490a1c5b0-ProfileServiceResponse.txt,644,7E21A2AA9A846E294715B46FFA3992E679F47A6D,False,2020-04-17 05:32:29.1596898,2020-04-17 13:09:45.4786457,2020-04-17 14:42:20.6379445,00:00:00.0278688
2020-04-17 16:46:19.4150151,C:\users\Bob\AppData\Local\Microsoft\OneDrive\settings\Personal\873851f490a1c5b0.dat,C:\Users\Bob\Downloads\evidance-DESKTOP-Q50SISB\C\users\Bob\AppData\Local\Microsoft\OneDrive\settings\Personal\873851f490a1c5b0.dat,22616,22D2834DBEC05B7F42C668E8B8D76F2E3C03D419,False,2020-04-17 05:32:29.2284818,2020-04-17 13:29:15.5696103,2020-04-17 14:42:20.6917204,00:00:00.0660913
2020-04-17 16:46:19.5768695,C:\users\Bob\AppData\Local\Microsoft\OneDrive\settings\Personal\873851f490a1c5b0.ini,C:\Users\Bob\Downloads\evidance-DESKTOP-Q50SISB\C\users\Bob\AppData\Local\Microsoft\OneDrive\settings\Personal\873851f490a1c5b0.ini,2446,40FB7F8A336362DD2B40508A98769E873D4FD159,False,2020-04-17 05:32:29.1765512,2020-04-17 13:33:26.4644324,2020-04-17 14:42:20.7688012,00:00:00.0570463
2020-04-17 16:46:19.6324952,C:\users\Bob\AppData\Local\Microsoft\OneDrive\settings\Personal\assertInformation.ini,C:\Users\Bob\Downloads\evidance-DESKTOP-Q50SISB\C\users\Bob\AppData\Local\Microsoft\OneDrive\settings\Personal\assertInformation.ini,308,34E8DBB457E6AD55B4A508C1729C8D5CDAC5F6B0,False,2020-04-17 05:30:23.4811478,2020-04-17 05:30:23.4965864,2020-04-17 14:42:20.7960922,00:00:00.0077572
2020-04-17 16:46:19.7142922,C:\users\Bob\AppData\Local\Microsoft\OneDrive\settings\Personal\CampaignStates.txt,C:\Users\Bob\Downloads\evidance-DESKTOP-Q50SISB\C\users\Bob\AppData\Local\Microsoft\OneDrive\settings\Personal\CampaignStates.txt,500,1F45E5EE1560B10ECC5CD18CDC05FA74A3C1BCB7,False,2020-04-17 06:03:57.1235031,2020-04-17 13:33:26.5113006,2020-04-17 14:42:20.8267860,00:00:00.0368959
2020-04-17 16:46:19.8740747,C:\users\Bob\AppData\Local\Microsoft\OneDrive\settings\Personal\ClientPolicy.ini,C:\Users\Bob\Downloads\evidance-DESKTOP-Q50SISB\C\users\Bob\AppData\Local\Microsoft\OneDrive\settings\Personal\ClientPolicy.ini,19118,9F7C24D6CEB531D1CE8EC259FCAAD4880CB7556B,False,2020-04-17 05:32:30.3407977,2020-04-17 05:32:30.3407977,2020-04-17 14:42:20.9091662,00:00:00.0512537
2020-04-17 16:46:19.9700207,C:\users\Bob\AppData\Local\Microsoft\OneDrive\settings\Personal\ECSConfig.json,C:\Users\Bob\Downloads\evidance-DESKTOP-Q50SISB\C\users\Bob\AppData\Local\Microsoft\OneDrive\settings\Personal\ECSConfig.json,420,29B0D5032E333CDFB2577A20B9563780D119FE3A,False,2020-04-17 05:29:54.3524043,2020-04-17 13:09:46.9785421,2020-04-17 14:42:21.0340318,00:00:00.0197775
2020-04-17 16:46:20.0407781,C:\users\Bob\AppData\Local\Microsoft\OneDrive\settings\Personal\global.ini,C:\Users\Bob\Downloads\evidance-DESKTOP-Q50SISB\C\users\Bob\AppData\Local\Microsoft\OneDrive\settings\Personal\global.ini,4240,5DD9552F2964C04166DA186C37E50A4270224DA6,False,2020-04-17 05:30:23.4811478,2020-04-17 13:33:26.4644324,2020-04-17 14:42:21.0789724,00:00:00.0100368
2020-04-17 16:46:20.0934552,C:\users\Bob\AppData\Local\Microsoft\OneDrive\settings\Personal\GovernedChannelStates.txt,C:\Users\Bob\Downloads\evidance-DESKTOP-Q50SISB\C\users\Bob\AppData\Local\Microsoft\OneDrive\settings\Personal\GovernedChannelStates.txt,262,6B712F7914C6DF9B262BF7D8AF114233EA586EF9,False,2020-04-17 06:03:57.1255929,2020-04-17 13:33:26.5113006,2020-04-17 14:42:21.1200397,00:00:00.0225810
2020-04-17 16:46:20.5212427,C:\users\Bob\AppData\Local\Microsoft\OneDrive\settings\Personal\GroupFolders.ini,C:\Users\Bob\Downloads\evidance-DESKTOP-Q50SISB\C\users\Bob\AppData\Local\Microsoft\OneDrive\settings\Personal\GroupFolders.ini,558,1D2ADD99AE0301C2DCDA4253F4CC60BA2440E1ED,False,2020-04-17 05:32:40.5696192,2020-04-17 05:32:42.0047994,2020-04-17 14:42:21.1546797,00:00:00.3017667
2020-04-17 16:46:20.6053815,C:\users\Bob\AppData\Local\Microsoft\OneDrive\settings\Personal\logUploaderSettings.ini,C:\Users\Bob\Downloads\evidance-DESKTOP-Q50SISB\C\users\Bob\AppData\Local\Microsoft\OneDrive\settings\Personal\logUploaderSettings.ini,300,D973C5FC5F077168A674C7341663751A82991627,False,2020-04-17 05:30:02.0241536,2020-04-17 13:33:26.4177769,2020-04-17 14:42:21.1905554,00:00:00.0113774
2020-04-17 16:46:20.6694024,C:\users\Bob\AppData\Local\Microsoft\OneDrive\settings\Personal\SurveyActivationStats.txt,C:\Users\Bob\Downloads\evidance-DESKTOP-Q50SISB\C\users\Bob\AppData\Local\Microsoft\OneDrive\settings\Personal\SurveyActivationStats.txt,14,2FD90B4EC32804DFF7A41B6E63C8B0A40B592113,False,2020-04-17 06:03:57.1153897,2020-04-17 13:33:26.5113006,2020-04-17 14:42:21.2406881,00:00:00.0098778
2020-04-17 16:46:20.7551898,C:\users\Bob\AppData\Local\Microsoft\OneDrive\settings\Personal\Office\16.0\Floodgate\Unknown.Settings.json,C:\Users\Bob\Downloads\evidance-DESKTOP-Q50SISB\C\users\Bob\AppData\Local\Microsoft\OneDrive\settings\Personal\Office\16.0\Floodgate\Unknown.Settings.json,87,5281EAE96EFDE7B0E16A1D977F005F0D3BD7AAD0,False,2020-04-17 06:03:57.1153897,2020-04-17 13:33:26.5113006,2020-04-17 14:42:21.2734918,00:00:00.0108889
2020-04-17 16:46:20.8695830,C:\users\Bob\AppData\Local\Google\Drive\global.db,C:\Users\Bob\Downloads\evidance-DESKTOP-Q50SISB\C\users\Bob\AppData\Local\Google\Drive\global.db,20480,D9B48976A35171E7A1F42A9F849A95AED22486D9,False,2020-04-17 04:54:06.3830738,2020-04-17 04:58:38.5997126,2020-04-17 14:42:21.3105880,00:00:00.0353064
2020-04-17 16:46:20.9761161,C:\users\Bob\AppData\Local\Google\Drive\system\sync_log.log,C:\Users\Bob\Downloads\evidance-DESKTOP-Q50SISB\C\users\Bob\AppData\Local\Google\Drive\system\sync_log.log,1133,D3286627A7926AE8B8BC2E049DA9E7A5EBFA6D69,False,2020-04-17 05:10:47.1174012,2020-04-17 05:11:51.7680479,2020-04-17 14:42:21.3681383,00:00:00.0388030
2020-04-17 16:46:21.0895156,C:\users\Bob\AppData\Local\Google\Drive\user_default\device_db.db,C:\Users\Bob\Downloads\evidance-DESKTOP-Q50SISB\C\users\Bob\AppData\Local\Google\Drive\user_default\device_db.db,32768,FF537BD5E6290DAE1B6A1710CEB0A48EABC98F8D,False,2020-04-17 04:54:08.3200107,2020-04-17 05:15:42.2973455,2020-04-17 14:42:21.3984633,00:00:00.0549175
2020-04-17 16:46:21.1745844,C:\users\Bob\AppData\Local\Google\Drive\user_default\known_photos.db,C:\Users\Bob\Downloads\evidance-DESKTOP-Q50SISB\C\users\Bob\AppData\Local\Google\Drive\user_default\known_photos.db,8192,D9EBA762009DD2BEE7510B2DC8B17C2EF8CC177B,False,2020-04-17 04:54:08.5077124,2020-04-17 13:10:03.1812514,2020-04-17 14:42:21.4414252,00:00:00.0287512
2020-04-17 16:46:21.2241492,C:\users\Bob\AppData\Local\Google\Drive\user_default\pid,C:\Users\Bob\Downloads\evidance-DESKTOP-Q50SISB\C\users\Bob\AppData\Local\Google\Drive\user_default\pid,4,3FAF9252EE29ED55FEE7CA30E9926D67A12E4384,False,2020-04-17 04:54:05.9603994,2020-04-17 13:09:59.0725045,2020-04-17 14:42:21.4543739,00:00:00.0170470
2020-04-17 16:46:21.2866406,C:\users\Bob\AppData\Local\Google\Drive\user_default\run_dir,C:\Users\Bob\Downloads\evidance-DESKTOP-Q50SISB\C\users\Bob\AppData\Local\Google\Drive\user_default\run_dir,41,2FE232C115F5B22FB7F635AF28BE960B1E6F4125,False,2020-04-17 04:54:08.0542285,2020-04-17 13:10:03.1812514,2020-04-17 14:42:21.4764303,00:00:00.0166189
2020-04-17 16:46:21.4052857,C:\users\Bob\AppData\Local\Google\Drive\user_default\snapshot.db,C:\Users\Bob\Downloads\evidance-DESKTOP-Q50SISB\C\users\Bob\AppData\Local\Google\Drive\user_default\snapshot.db,94208,5ABDF08542A29E6D66042587703EFC686C9BA876,False,2020-04-17 04:54:06.2891313,2020-04-17 13:33:18.0249161,2020-04-17 14:42:21.5074549,00:00:00.0491911
2020-04-17 16:46:21.5318996,C:\users\Bob\AppData\Local\Google\Drive\user_default\sync_config.db,C:\Users\Bob\Downloads\evidance-DESKTOP-Q50SISB\C\users\Bob\AppData\Local\Google\Drive\user_default\sync_config.db,24576,EFD50CA232EA8A0FE3CFFDAE899F20B952A0AB63,False,2020-04-17 04:54:06.1952107,2020-04-17 04:59:34.3014011,2020-04-17 14:42:21.6013583,00:00:00.0929699
2020-04-17 16:46:21.7255910,C:\users\Bob\AppData\Local\Google\Drive\user_default\sync_log.log,C:\Users\Bob\Downloads\evidance-DESKTOP-Q50SISB\C\users\Bob\AppData\Local\Google\Drive\user_default\sync_log.log,1086606,7E85E26C3146EDDBB7EB130163C9DFEC056BF66E,False,2020-04-17 04:54:04.9296616,2020-04-17 13:33:18.7753622,2020-04-17 14:42:21.6570746,00:00:00.0910503
2020-04-17 16:46:21.8139906,C:\users\Bob\AppData\Local\Google\Drive\user_default\uploader.db,C:\Users\Bob\Downloads\evidance-DESKTOP-Q50SISB\C\users\Bob\AppData\Local\Google\Drive\user_default\uploader.db,20480,0CD1AF1777AA2F13E75298D01495849F2B06D5A6,False,2020-04-17 04:58:51.2557461,2020-04-17 05:15:41.8910526,2020-04-17 14:42:21.7061962,00:00:00.0249307
2020-04-17 16:46:21.9371979,C:\users\Bob\AppData\Local\Google\Drive\user_default\cloud_graph\cloud_graph.db,C:\Users\Bob\Downloads\evidance-DESKTOP-Q50SISB\C\users\Bob\AppData\Local\Google\Drive\user_default\cloud_graph\cloud_graph.db,49152,4876F996DEEBDF173E761B5E2494DEE487DF3C41,False,2020-04-17 04:58:49.4742125,2020-04-17 13:29:17.3389896,2020-04-17 14:42:21.7552459,00:00:00.0557600
2020-04-17 16:46:22.1310485,C:\users\Bob\AppData\Local\Google\Drive\user_default\UsageStatisics\0870bfea-056c-482f-816c-20f6a9a2c64f,C:\Users\Bob\Downloads\evidance-DESKTOP-Q50SISB\C\users\Bob\AppData\Local\Google\Drive\user_default\UsageStatisics\0870bfea-056c-482f-816c-20f6a9a2c64f,2143,EE7E08D069F65C5185BE69FE842A05EDCD15D3B6,False,2020-04-17 13:33:17.0873927,2020-04-17 13:33:17.0873927,2020-04-17 14:42:21.8271512,00:00:00.0441567
2020-04-17 16:46:22.6336742,C:\users\Bob\AppData\Local\Google\Drive\user_default\TempData\5f245ebebce62ddcfacd1b6292c69392\change_buffer\changefstgl3.db,C:\Users\Bob\Downloads\evidance-DESKTOP-Q50SISB\C\users\Bob\AppData\Local\Google\Drive\user_default\TempData\5f245ebebce62ddcfacd1b6292c69392\change_buffer\changefstgl3.db,57344,1714874A44EE3F76FC530FED5701C0A549290B72,False,2020-04-17 13:10:01.0563059,2020-04-17 13:29:15.0695685,2020-04-17 14:42:21.8642822,00:00:00.1813729
2020-04-17 16:46:22.9424531,C:\users\Bob\AppData\Local\Google\Drive\user_default\TempData\5f245ebebce62ddcfacd1b6292c69392\HttpCache\264-LaunchThreads-tjgjwb\16de062f6ac52a98fe4e08f856da9689,C:\Users\Bob\Downloads\evidance-DESKTOP-Q50SISB\C\users\Bob\AppData\Local\Google\Drive\user_default\TempData\5f245ebebce62ddcfacd1b6292c69392\HttpCache\264-LaunchThreads-tjgjwb\16de062f6ac52a98fe4e08f856da9689,7219,E79087159D537F8D9EBD85A38227D7481A4BB209,False,2020-04-17 13:10:00.7281672,2020-04-17 13:10:00.7281672,2020-04-17 14:42:21.9130728,00:00:00.0230547
2020-04-17 16:46:23.0276071,C:\users\Bob\AppData\Local\Google\Drive\user_default\TempData\5f245ebebce62ddcfacd1b6292c69392\HttpCache\264-LaunchThreads-tjgjwb\a02f6ae698c0aec0edeb7cd068fc7901,C:\Users\Bob\Downloads\evidance-DESKTOP-Q50SISB\C\users\Bob\AppData\Local\Google\Drive\user_default\TempData\5f245ebebce62ddcfacd1b6292c69392\HttpCache\264-LaunchThreads-tjgjwb\a02f6ae698c0aec0edeb7cd068fc7901,1169,3AA267D2C2D9AD28AD11F19C295A571809DD8C8B,False,2020-04-17 13:10:00.4169203,2020-04-17 13:10:00.4169203,2020-04-17 14:42:21.9491940,00:00:00.0201381
2020-04-17 16:46:23.1088396,C:\users\Bob\AppData\Local\Google\Drive\user_default\TempData\5f245ebebce62ddcfacd1b6292c69392\HttpCache\65c-RunAsync-RefreshExternalMediaFolder-7-74ndot\aec68789b6124a4d4faf14fac61a0a0c,C:\Users\Bob\Downloads\evidance-DESKTOP-Q50SISB\C\users\Bob\AppData\Local\Google\Drive\user_default\TempData\5f245ebebce62ddcfacd1b6292c69392\HttpCache\65c-RunAsync-RefreshExternalMediaFolder-7-74ndot\aec68789b6124a4d4faf14fac61a0a0c,845,7F43208A061B4D3521E85A7ABF78B309F59FF4E3,False,2020-04-17 13:10:02.9313997,2020-04-17 13:10:02.9313997,2020-04-17 14:42:21.9774135,00:00:00.0312380
2020-04-17 16:46:23.1860135,C:\users\Bob\AppData\Local\Google\Drive\user_default\TempData\5f245ebebce62ddcfacd1b6292c69392\HttpCache\764-FeatureSwitchPoller-t8chlk\16de062f6ac52a98fe4e08f856da9689,C:\Users\Bob\Downloads\evidance-DESKTOP-Q50SISB\C\users\Bob\AppData\Local\Google\Drive\user_default\TempData\5f245ebebce62ddcfacd1b6292c69392\HttpCache\764-FeatureSwitchPoller-t8chlk\16de062f6ac52a98fe4e08f856da9689,7219,AEBFB966E1DB1DDAE2F68875EAB950434DCFE971,False,2020-04-17 13:10:03.2283923,2020-04-17 13:10:03.2283923,2020-04-17 14:42:22.0111005,00:00:00.0220882
2020-04-17 16:46:23.3316173,C:\users\Bob\AppData\Local\Google\Drive\user_default\TempData\5f245ebebce62ddcfacd1b6292c69392\HttpCache\7e4-DocIdsFetcherThread-bob.mclee.re@gmail.com-eubun7\dccc7af34a606bef221ea42f24df7799,C:\Users\Bob\Downloads\evidance-DESKTOP-Q50SISB\C\users\Bob\AppData\Local\Google\Drive\user_default\TempData\5f245ebebce62ddcfacd1b6292c69392\HttpCache\7e4-DocIdsFetcherThread-bob.mclee.re@gmail.com-eubun7\dccc7af34a606bef221ea42f24df7799,39868,58A693077882A51F89CE9131D0F5B464F4B73AF4,False,2020-04-17 13:10:03.8843711,2020-04-17 13:10:03.8843711,2020-04-17 14:42:22.0465017,00:00:00.0603288
2020-04-17 16:46:23.3889868,C:\users\Bob\AppData\Local\Google\Drive\user_default\TempData\5f245ebebce62ddcfacd1b6292c69392\HttpCache\7ec-CloudWatcher-m_vzsp\d50d55f2b7fd4743bbcee5ae3ed0cba9,C:\Users\Bob\Downloads\evidance-DESKTOP-Q50SISB\C\users\Bob\AppData\Local\Google\Drive\user_default\TempData\5f245ebebce62ddcfacd1b6292c69392\HttpCache\7ec-CloudWatcher-m_vzsp\d50d55f2b7fd4743bbcee5ae3ed0cba9,2410,5CAE65C8439336ADFCAA1F152F1678ADE151CF56,False,2020-04-17 13:24:50.9450303,2020-04-17 13:24:50.9450303,2020-04-17 14:42:22.1023997,00:00:00.0128975
2020-04-17 16:46:23.5036527,C:\users\Bob\AppData\Local\Google\Drive\user_default\TempData\5f245ebebce62ddcfacd1b6292c69392\HttpCache\b90-Worker-0-qdmvdv\057d7b23a9bd971f4636afec95939dc9,C:\Users\Bob\Downloads\evidance-DESKTOP-Q50SISB\C\users\Bob\AppData\Local\Google\Drive\user_default\TempData\5f245ebebce62ddcfacd1b6292c69392\HttpCache\b90-Worker-0-qdmvdv\057d7b23a9bd971f4636afec95939dc9,1541,85699B154224C098C32D02929F87ACCC16C3694B,False,2020-04-17 13:10:05.5859309,2020-04-17 13:10:05.5859309,2020-04-17 14:42:22.1411469,00:00:00.0243280
2020-04-17 16:46:23.5709996,C:\users\Bob\AppData\Local\Google\Drive\user_default\TempData\5f245ebebce62ddcfacd1b6292c69392\HttpCache\b90-Worker-0-qdmvdv\91ec54a9fbf8bfc92f8c88e1bf8a9c59,C:\Users\Bob\Downloads\evidance-DESKTOP-Q50SISB\C\users\Bob\AppData\Local\Google\Drive\user_default\TempData\5f245ebebce62ddcfacd1b6292c69392\HttpCache\b90-Worker-0-qdmvdv\91ec54a9fbf8bfc92f8c88e1bf8a9c59,1550,27AFD8A3008A2310B31351C7E984778F01BC1228,False,2020-04-17 13:10:05.2264359,2020-04-17 13:10:05.2264359,2020-04-17 14:42:22.1781713,00:00:00.0118888
2020-04-17 16:46:23.6545380,C:\users\Bob\AppData\Local\Google\Drive\user_default\TempData\5f245ebebce62ddcfacd1b6292c69392\HttpCache\b90-Worker-0-qdmvdv\d8e9afbd99e81771747fc9fe21d77ba7,C:\Users\Bob\Downloads\evidance-DESKTOP-Q50SISB\C\users\Bob\AppData\Local\Google\Drive\user_default\TempData\5f245ebebce62ddcfacd1b6292c69392\HttpCache\b90-Worker-0-qdmvdv\d8e9afbd99e81771747fc9fe21d77ba7,1721,75353D273A29AA9C4E1FFA4BC9792D2C6E1AE71E,False,2020-04-17 13:29:14.0537744,2020-04-17 13:29:14.0537744,2020-04-17 14:42:22.2141485,00:00:00.0361429
2020-04-17 16:46:23.7485438,C:\users\Bob\AppData\Local\Google\Drive\user_default\TempData\5f245ebebce62ddcfacd1b6292c69392\HttpCache\b90-Worker-0-qdmvdv\eb3185a5bee14aff274cd398a3531d2c,C:\Users\Bob\Downloads\evidance-DESKTOP-Q50SISB\C\users\Bob\AppData\Local\Google\Drive\user_default\TempData\5f245ebebce62ddcfacd1b6292c69392\HttpCache\b90-Worker-0-qdmvdv\eb3185a5bee14aff274cd398a3531d2c,1693,360B72FF9D0C4769A58F547B452620925C7E2190,False,2020-04-17 13:17:26.7417384,2020-04-17 13:17:26.7576150,2020-04-17 14:42:22.2431272,00:00:00.0107565
2020-04-17 16:46:30.2947175,C:\Users\Default\ntuser.dat,C:\Users\Bob\Downloads\evidance-DESKTOP-Q50SISB\C\Users\Default\ntuser.dat,262144,D8B4DC1DE9F176B2CB71258FDD44B059347823BB,False,2019-03-19 04:37:22.0799192,2020-04-17 04:39:47.3149166,2020-04-17 14:42:22.3167239,00:00:00.0197021
2020-04-17 16:46:30.7881899,C:\users\Default\NTUSER.DAT.LOG1,C:\Users\Bob\Downloads\evidance-DESKTOP-Q50SISB\C\users\Default\NTUSER.DAT.LOG1,65536,02A16B93867AC69EE95FC78EEE0DDFE1719D4324,False,2019-03-19 04:37:22.1424246,2019-03-19 04:37:22.1424246,2020-04-17 14:57:16.6335413,00:00:00.0224708
2020-04-17 16:46:31.7536744,C:\users\Bob\AppData\Local\Box\Box\logs\Shell_Ext_Explorer_002.log,C:\Users\Bob\Downloads\evidance-DESKTOP-Q50SISB\C\users\Bob\AppData\Local\Box\Box\logs\Shell_Ext_Explorer_002.log,961319,E636AE7B013EBCDECB183DC9A25D9CF13147FC52,True,2020-04-17 13:09:00.0107021,2020-04-17 15:43:11.8921877,2020-04-17 15:38:00.0524901,00:00:00.3897678
2020-04-17 16:46:31.8833153,C:\users\Bob\AppData\Local\Box\Box\logs\Shell_Ext_notepad++_000.log,C:\Users\Bob\Downloads\evidance-DESKTOP-Q50SISB\C\users\Bob\AppData\Local\Box\Box\logs\Shell_Ext_notepad++_000.log,17808,E334515305DCB222FA9A6098C949FAFAF95EBD95,True,2020-04-17 14:11:31.6374376,2020-04-17 14:11:54.8670493,2020-04-17 14:11:54.8670493,00:00:00.0492603
2020-04-17 16:46:31.9513464,C:\users\Bob\AppData\Local\Box\Box\logs\Shell_Ext_regedit_000.log,C:\Users\Bob\Downloads\evidance-DESKTOP-Q50SISB\C\users\Bob\AppData\Local\Box\Box\logs\Shell_Ext_regedit_000.log,16960,9F3357FDEE31446564671F11E2B88B675162BBB7,True,2020-04-17 15:23:40.6253215,2020-04-17 15:23:42.4504772,2020-04-17 15:23:42.4504772,00:00:00.0326403
2020-04-17 16:46:32.1768469,C:\users\Bob\AppData\Local\Microsoft\OneDrive\logs\Common\FileCoAuth-2020-04-17.1311.4788.1.aodl,C:\Users\Bob\Downloads\evidance-DESKTOP-Q50SISB\C\users\Bob\AppData\Local\Microsoft\OneDrive\logs\Common\FileCoAuth-2020-04-17.1311.4788.1.aodl,227386,DA2FA0E44DE308C989575825E09564AA7F8C720D,True,2020-04-17 13:11:08.3638483,2020-04-17 13:11:08.3638483,2020-04-17 13:11:08.3638483,00:00:00.0656092
2020-04-17 16:46:32.3119253,C:\users\Bob\AppData\Local\Microsoft\OneDrive\logs\Common\telemetryCache.otc,C:\Users\Bob\Downloads\evidance-DESKTOP-Q50SISB\C\users\Bob\AppData\Local\Microsoft\OneDrive\logs\Common\telemetryCache.otc,20480,B8B13211122205E388467C520E7C1DDC4374048C,True,2020-04-17 05:37:23.9917357,2020-04-17 13:18:21.2325767,2020-04-17 13:18:21.2325767,00:00:00.0698621
2020-04-17 16:46:32.5952878,C:\Users\Bob\ntuser.dat,C:\Users\Bob\Downloads\evidance-DESKTOP-Q50SISB\C\Users\Bob\ntuser.dat,1310720,52187DA2365F7D60563CA82A3C66A89635C29ABC,True,2020-04-17 04:41:17.4816658,2020-04-17 06:04:00.5612521,2020-04-17 06:04:00.5612521,00:00:00.0382735
2020-04-17 16:46:32.6269107,C:\users\Bob\ntuser.dat.LOG1,C:\Users\Bob\Downloads\evidance-DESKTOP-Q50SISB\C\users\Bob\ntuser.dat.LOG1,163840,233A84EBD0083FC328B623EB651D1388D690CA75,True,2020-04-17 04:41:20.3712430,2020-04-17 04:41:20.3712430,2020-04-17 04:41:20.3712430,00:00:00.0159342
2020-04-17 16:46:32.7116203,C:\users\Bob\ntuser.dat.LOG2,C:\Users\Bob\Downloads\evidance-DESKTOP-Q50SISB\C\users\Bob\ntuser.dat.LOG2,364544,7B023B0BB9129B663A98B5B383E9249AAE8D66FD,True,2020-04-17 04:41:20.3712430,2020-04-17 04:41:20.3712430,2020-04-17 04:41:20.3712430,00:00:00
2020-04-17 16:46:32.8433368,C:\Windows\System32\config\DEFAULT,C:\Users\Bob\Downloads\evidance-DESKTOP-Q50SISB\C\Windows\System32\config\DEFAULT,524288,0B412C34863728A179345601E63EF12DEDEC4162,True,2019-03-19 04:37:22.0799192,2020-04-17 06:04:02.2952988,2020-04-17 06:04:02.2952988,00:00:00.0159463
2020-04-17 16:46:32.9973163,C:\Windows\System32\config\DEFAULT.LOG1,C:\Users\Bob\Downloads\evidance-DESKTOP-Q50SISB\C\Windows\System32\config\DEFAULT.LOG1,278528,39B8715D382FB4717E44B680AD6DF976A53D3B33,True,2019-03-19 04:37:22.1267982,2019-03-19 04:37:22.1267982,2019-03-19 04:37:22.1267982,00:00:00.0154460
2020-04-17 16:46:33.0445354,C:\Windows\System32\config\DEFAULT.LOG2,C:\Users\Bob\Downloads\evidance-DESKTOP-Q50SISB\C\Windows\System32\config\DEFAULT.LOG2,81920,E0393E8843E0DD095CC82A979B472C7CEDCA4180,True,2019-03-19 04:37:22.1267982,2019-03-19 04:37:22.1267982,2019-03-19 04:37:22.1267982,00:00:00.0152946
2020-04-17 16:46:34.4960531,C:\users\Bob\AppData\Local\Microsoft\Windows\UsrClass.dat,C:\Users\Bob\Downloads\evidance-DESKTOP-Q50SISB\C\users\Bob\AppData\Local\Microsoft\Windows\UsrClass.dat,3670016,E987999928C7FC85460AC230386E88F7FDDD1CCE,True,2020-04-17 04:41:23.8715681,2020-04-17 06:04:00.5453372,2020-04-17 06:04:00.5453372,00:00:00.1680225
2020-04-17 16:46:34.7592113,C:\users\Bob\AppData\Local\Microsoft\Windows\UsrClass.dat.LOG1,C:\Users\Bob\Downloads\evidance-DESKTOP-Q50SISB\C\users\Bob\AppData\Local\Microsoft\Windows\UsrClass.dat.LOG1,28672,C55C7A0A0CCDC26F652D6AC984737D014BFA4657,True,2020-04-17 04:41:23.8715681,2020-04-17 04:41:23.8715681,2020-04-17 04:41:23.8715681,00:00:00.1059425
2020-04-17 16:46:34.8704449,C:\users\Bob\AppData\Local\Microsoft\Windows\UsrClass.dat.LOG2,C:\Users\Bob\Downloads\evidance-DESKTOP-Q50SISB\C\users\Bob\AppData\Local\Microsoft\Windows\UsrClass.dat.LOG2,327680,75220ADAD9CF0C54A28950111B17A357F1D04E2D,True,2020-04-17 04:41:23.8715681,2020-04-17 04:41:23.8715681,2020-04-17 04:41:23.8715681,00:00:00.0035317
