{"ramps":[{"id":3,"offset":0,"share":100},{"id":4,"offset":0,"share":100},{"id":5,"offset":0,"share":100},{"id":6,"offset":0,"share":100},{"id":7,"offset":0,"share":1},{"id":8,"offset":0,"share":1},{"id":9,"offset":0,"share":1},{"id":10,"offset":0,"share":1},{"id":14,"offset":0,"share":1},{"id":17,"offset":0,"share":100},{"id":18,"offset":0,"share":100},{"id":21,"offset":0,"share":1},{"id":22,"offset":0,"share":1},{"id":24,"offset":0,"share":100},{"id":25,"offset":0,"share":100},{"id":26,"offset":0,"share":100},{"id":27,"offset":0,"share":100},{"id":29,"offset":0,"share":100},{"id":30,"offset":0,"share":100},{"id":31,"offset":31,"share":100},{"id":32,"offset":0,"share":0},{"id":33,"offset":0,"share":0},{"id":34,"offset":0,"share":100},{"id":35,"offset":0,"share":100},{"id":36,"offset":0,"share":100},{"id":37,"offset":0,"share":100},{"id":39,"offset":0,"share":100},{"id":41,"offset":0,"share":100},{"id":43,"offset":0,"share":100},{"id":44,"offset":0,"share":100},{"id":45,"offset":0,"share":50},{"id":46,"offset":0,"share":50},{"id":53,"offset":0,"share":1},{"id":54,"offset":0,"share":100},{"id":55,"offset":0,"share":100},{"id":56,"offset":0,"share":100},{"id":58,"offset":0,"share":100},{"id":60,"offset":0,"share":0},{"id":61,"offset":0,"share":100},{"id":63,"offset":0,"share":100},{"id":66,"offset":0,"share":100},{"id":67,"offset":0,"share":10},{"id":70,"offset":0,"share":100},{"id":71,"offset":0,"share":100},{"id":73,"offset":0,"share":100},{"id":77,"offset":0,"share":100},{"id":78,"offset":0,"share":100},{"id":79,"offset":0,"share":0},{"id":80,"offset":0,"share":100},{"id":82,"offset":0,"share":100},{"id":83,"offset":0,"share":100},{"id":84,"offset":0,"share":100},{"id":85,"offset":0,"share":100},{"id":86,"offset":0,"share":100},{"id":87,"offset":0,"share":100},{"id":88,"offset":0,"share":100},{"id":92,"offset":0,"share":100},{"id":94,"offset":0,"share":100},{"id":98,"offset":0,"share":100},{"id":100,"offset":0,"share":100},{"id":101,"offset":0,"share":50},{"id":103,"offset":0,"share":100},{"id":105,"offset":100,"share":100},{"id":107,"offset":23,"share":100},{"id":108,"offset":0,"share":100},{"id":109,"offset":0,"share":100},{"id":112,"offset":0,"share":100},{"id":114,"offset":0,"share":100},{"id":117,"offset":0,"share":100},{"id":118,"offset":0,"share":100},{"id":120,"offset":0,"share":100},{"id":121,"offset":0,"share":100},{"id":122,"offset":50,"share":100},{"id":123,"offset":0,"share":10},{"id":124,"offset":0,"share":100},{"id":125,"offset":0,"share":100},{"id":127,"offset":0,"share":100},{"id":129,"offset":0,"share":100},{"id":131,"offset":0,"share":10},{"id":133,"offset":0,"share":100},{"id":135,"offset":0,"share":100},{"id":136,"offset":0,"share":100},{"id":138,"offset":0,"share":100},{"id":139,"offset":0,"share":0},{"id":141,"offset":0,"share":0},{"id":142,"offset":0,"share":0},{"id":143,"offset":0,"share":0},{"id":144,"offset":0,"share":100},{"id":146,"offset":0,"share":100},{"id":151,"offset":0,"share":100},{"id":153,"offset":0,"share":100},{"id":155,"offset":0,"share":100},{"id":156,"offset":0,"share":100},{"id":157,"offset":0,"share":100},{"id":158,"offset":0,"share":100},{"id":159,"offset":0,"share":100},{"id":165,"offset":0,"share":100},{"id":166,"offset":0,"share":0},{"id":167,"offset":0,"share":100},{"id":168,"offset":0,"share":100},{"id":172,"offset":0,"share":100},{"id":173,"offset":0,"share":100},{"id":174,"offset":0,"share":100},{"id":175,"offset":0,"share":100},{"id":176,"offset":0,"share":100},{"id":177,"offset":0,"share":100},{"id":178,"offset":0,"share":100},{"id":179,"offset":0,"share":5},{"id":181,"offset":0,"share":0},{"id":182,"offset":0,"share":100},{"id":183,"offset":0,"share":100},{"id":188,"offset":0,"share":0},{"id":189,"offset":0,"share":0},{"id":191,"offset":0,"share":100},{"id":194,"offset":0,"share":100},{"id":195,"offset":0,"share":100},{"id":196,"offset":0,"share":100},{"id":197,"offset":0,"share":100},{"id":198,"offset":0,"share":100},{"id":200,"offset":0,"share":100},{"id":201,"offset":0,"share":100},{"id":204,"offset":0,"share":0},{"id":205,"offset":0,"share":100},{"id":206,"offset":0,"share":100},{"id":207,"offset":0,"share":100},{"id":208,"offset":0,"share":100},{"id":210,"offset":0,"share":100},{"id":211,"offset":0,"share":100},{"id":216,"offset":0,"share":10},{"id":217,"offset":0,"share":100},{"id":218,"offset":0,"share":100},{"id":219,"offset":0,"share":100},{"id":221,"offset":0,"share":100},{"id":224,"offset":0,"share":100},{"id":226,"offset":0,"share":100},{"id":228,"offset":0,"share":100},{"id":231,"offset":0,"share":100},{"id":232,"offset":0,"share":100},{"id":234,"offset":0,"share":100},{"id":239,"offset":0,"share":100},{"id":240,"offset":0,"share":100},{"id":241,"offset":0,"share":100},{"id":242,"offset":0,"share":100},{"id":244,"offset":0,"share":0},{"id":248,"offset":0,"share":100},{"id":249,"offset":0,"share":100},{"id":251,"offset":0,"share":100},{"id":252,"offset":0,"share":100},{"id":253,"offset":0,"share":100},{"id":254,"offset":0,"share":100},{"id":256,"offset":0,"share":100},{"id":258,"offset":0,"share":0},{"id":260,"offset":0,"share":100},{"id":261,"offset":0,"share":0},{"id":262,"offset":0,"share":100},{"id":265,"offset":0,"share":100},{"id":267,"offset":0,"share":0},{"id":271,"offset":0,"share":100},{"id":272,"offset":0,"share":0},{"id":274,"offset":0,"share":100},{"id":276,"offset":0,"share":100},{"id":277,"offset":0,"share":100},{"id":281,"offset":0,"share":100},{"id":282,"offset":0,"share":100},{"id":283,"offset":0,"share":0},{"id":289,"offset":0,"share":100},{"id":290,"offset":0,"share":100},{"id":293,"offset":0,"share":100},{"id":296,"offset":0,"share":0},{"id":297,"offset":0,"share":0},{"id":299,"offset":0,"share":100},{"id":300,"offset":0,"share":100},{"id":301,"offset":0,"share":100},{"id":303,"offset":0,"share":100},{"id":306,"offset":0,"share":100},{"id":307,"offset":0,"share":100},{"id":309,"offset":0,"share":0},{"id":315,"offset":0,"share":100},{"id":316,"offset":0,"share":100},{"id":317,"offset":0,"share":100},{"id":318,"offset":0,"share":100},{"id":319,"offset":0,"share":100},{"id":320,"offset":0,"share":100},{"id":322,"offset":0,"share":100},{"id":323,"offset":0,"share":100},{"id":326,"offset":0,"share":100},{"id":327,"offset":0,"share":100},{"id":330,"offset":0,"share":100},{"id":331,"offset":0,"share":100},{"id":332,"offset":0,"share":100},{"id":333,"offset":0,"share":0},{"id":334,"offset":0,"share":100},{"id":335,"offset":0,"share":100},{"id":336,"offset":0,"share":100},{"id":337,"offset":0,"share":100},{"id":338,"offset":0,"share":100},{"id":339,"offset":0,"share":100},{"id":352,"offset":0,"share":100},{"id":358,"offset":0,"share":100},{"id":360,"offset":0,"share":100},{"id":362,"offset":0,"share":100},{"id":364,"offset":0,"share":100},{"id":370,"offset":0,"share":100},{"id":373,"offset":0,"share":100},{"id":374,"offset":17,"share":100},{"id":379,"offset":0,"share":100},{"id":380,"offset":0,"share":100},{"id":381,"offset":0,"share":100},{"id":382,"offset":0,"share":100},{"id":383,"offset":0,"share":100},{"id":384,"offset":0,"share":100},{"id":385,"offset":0,"share":100},{"id":386,"offset":0,"share":100},{"id":387,"offset":0,"share":100},{"id":388,"offset":0,"share":100},{"id":389,"offset":0,"share":100},{"id":392,"offset":0,"share":100},{"id":393,"offset":0,"share":100},{"id":396,"offset":0,"share":100},{"id":398,"offset":0,"share":100},{"id":399,"offset":0,"share":100},{"id":401,"offset":0,"share":100},{"id":402,"offset":0,"share":100},{"id":404,"offset":0,"share":100},{"id":405,"offset":0,"share":100},{"id":406,"offset":0,"share":100},{"id":407,"offset":0,"share":100},{"id":408,"offset":0,"share":100},{"id":414,"offset":0,"share":100},{"id":416,"offset":0,"share":100},{"id":421,"offset":0,"share":100},{"id":422,"offset":0,"share":100},{"id":426,"offset":0,"share":100},{"id":430,"offset":0,"share":100},{"id":434,"offset":0,"share":100},{"id":435,"offset":0,"share":100},{"id":438,"offset":0,"share":100},{"id":440,"offset":0,"share":100},{"id":443,"offset":0,"share":100},{"id":445,"offset":0,"share":100},{"id":446,"offset":0,"share":100},{"id":447,"offset":0,"share":100},{"id":448,"offset":0,"share":100},{"id":449,"offset":0,"share":5},{"id":450,"offset":0,"share":100},{"id":451,"offset":0,"share":0},{"id":453,"offset":0,"share":0},{"id":455,"offset":0,"share":100},{"id":456,"offset":0,"share":100},{"id":459,"offset":0,"share":25},{"id":460,"offset":0,"share":100},{"id":462,"offset":0,"share":100},{"id":471,"offset":0,"share":100},{"id":474,"offset":0,"share":100},{"id":475,"offset":0,"share":100},{"id":477,"offset":0,"share":50},{"id":479,"offset":0,"share":100},{"id":480,"offset":0,"share":100},{"id":482,"offset":0,"share":5},{"id":485,"offset":0,"share":100},{"id":486,"offset":0,"share":100},{"id":489,"offset":0,"share":0},{"id":490,"offset":0,"share":100},{"id":491,"offset":0,"share":100},{"id":493,"offset":0,"share":100},{"id":495,"offset":0,"share":100},{"id":501,"offset":0,"share":100},{"id":502,"offset":0,"share":100},{"id":503,"offset":0,"share":100},{"id":504,"offset":0,"share":100},{"id":506,"offset":0,"share":100},{"id":509,"offset":0,"share":100},{"id":511,"offset":0,"share":100},{"id":515,"offset":0,"share":100},{"id":516,"offset":0,"share":100},{"id":517,"offset":0,"share":100},{"id":518,"offset":23,"share":100},{"id":519,"offset":0,"share":100},{"id":520,"offset":0,"share":100},{"id":521,"offset":0,"share":100},{"id":522,"offset":0,"share":100},{"id":523,"offset":23,"share":100},{"id":526,"offset":0,"share":100},{"id":527,"offset":0,"share":0},{"id":528,"offset":0,"share":100},{"id":531,"offset":0,"share":100},{"id":532,"offset":23,"share":100},{"id":533,"offset":0,"share":100},{"id":534,"offset":0,"share":100},{"id":535,"offset":0,"share":100},{"id":536,"offset":0,"share":100},{"id":537,"offset":0,"share":100},{"id":539,"offset":0,"share":10},{"id":543,"offset":0,"share":100},{"id":544,"offset":0,"share":100},{"id":545,"offset":0,"share":100},{"id":546,"offset":0,"share":100},{"id":547,"offset":0,"share":100},{"id":548,"offset":0,"share":100},{"id":549,"offset":0,"share":100},{"id":550,"offset":0,"share":100},{"id":552,"offset":0,"share":100},{"id":554,"offset":0,"share":50},{"id":555,"offset":0,"share":100},{"id":556,"offset":0,"share":100},{"id":558,"offset":0,"share":100},{"id":559,"offset":0,"share":100},{"id":561,"offset":0,"share":100},{"id":562,"offset":0,"share":0},{"id":565,"offset":23,"share":100},{"id":566,"offset":0,"share":100},{"id":568,"offset":0,"share":100},{"id":569,"offset":0,"share":100},{"id":570,"offset":0,"share":100},{"id":572,"offset":0,"share":100},{"id":573,"offset":0,"share":0},{"id":574,"offset":0,"share":100},{"id":575,"offset":0,"share":100},{"id":577,"offset":0,"share":100},{"id":578,"offset":0,"share":100},{"id":579,"offset":0,"share":100},{"id":580,"offset":0,"share":100},{"id":581,"offset":0,"share":0},{"id":582,"offset":0,"share":100},{"id":584,"offset":23,"share":60},{"id":586,"offset":0,"share":100},{"id":590,"offset":0,"share":100},{"id":593,"offset":0,"share":0},{"id":594,"offset":0,"share":10},{"id":598,"offset":0,"share":1},{"id":600,"offset":0,"share":100},{"id":603,"offset":0,"share":0},{"id":604,"offset":0,"share":100},{"id":605,"offset":0,"share":100},{"id":606,"offset":0,"share":100},{"id":612,"offset":0,"share":100},{"id":614,"offset":0,"share":100},{"id":615,"offset":17,"share":100},{"id":616,"offset":0,"share":100},{"id":618,"offset":0,"share":100},{"id":621,"offset":0,"share":100},{"id":622,"offset":0,"share":100},{"id":625,"offset":0,"share":100},{"id":626,"offset":0,"share":100},{"id":627,"offset":0,"share":100},{"id":628,"offset":0,"share":100},{"id":629,"offset":0,"share":100},{"id":630,"offset":0,"share":100},{"id":634,"offset":0,"share":100},{"id":637,"offset":0,"share":100},{"id":640,"offset":0,"share":100},{"id":643,"offset":0,"share":100},{"id":644,"offset":0,"share":100},{"id":646,"offset":0,"share":100},{"id":648,"offset":0,"share":0},{"id":651,"offset":0,"share":100},{"id":653,"offset":0,"share":100},{"id":655,"offset":0,"share":100},{"id":657,"offset":0,"share":100},{"id":658,"offset":0,"share":100},{"id":662,"offset":0,"share":100},{"id":667,"offset":0,"share":100},{"id":668,"offset":0,"share":100},{"id":671,"offset":0,"share":100},{"id":672,"offset":0,"share":100},{"id":674,"offset":0,"share":100},{"id":679,"offset":0,"share":100},{"id":680,"offset":0,"share":100},{"id":684,"offset":0,"share":25},{"id":686,"offset":0,"share":100},{"id":689,"offset":0,"share":100},{"id":692,"offset":0,"share":100},{"id":693,"offset":0,"share":100},{"id":694,"offset":0,"share":100},{"id":695,"offset":0,"share":100},{"id":697,"offset":0,"share":100},{"id":700,"offset":0,"share":100},{"id":701,"offset":0,"share":100},{"id":703,"offset":23,"share":100},{"id":704,"offset":0,"share":100},{"id":706,"offset":0,"share":100},{"id":709,"offset":0,"share":50},{"id":710,"offset":0,"share":100},{"id":715,"offset":0,"share":100},{"id":716,"offset":0,"share":100},{"id":718,"offset":23,"share":100},{"id":719,"offset":0,"share":0},{"id":722,"offset":0,"share":100},{"id":723,"offset":0,"share":100},{"id":724,"offset":0,"share":100},{"id":726,"offset":0,"share":100},{"id":727,"offset":0,"share":100},{"id":728,"offset":0,"share":100},{"id":729,"offset":0,"share":100},{"id":730,"offset":0,"share":0},{"id":732,"offset":0,"share":100},{"id":739,"offset":0,"share":100},{"id":741,"offset":0,"share":100},{"id":745,"offset":0,"share":100},{"id":746,"offset":23,"share":100},{"id":747,"offset":23,"share":100},{"id":748,"offset":0,"share":1},{"id":751,"offset":0,"share":0},{"id":752,"offset":0,"share":100},{"id":753,"offset":0,"share":100},{"id":755,"offset":0,"share":100},{"id":763,"offset":23,"share":100},{"id":764,"offset":23,"share":100},{"id":767,"offset":0,"share":100},{"id":768,"offset":0,"share":100},{"id":770,"offset":0,"share":100},{"id":771,"offset":0,"share":100},{"id":773,"offset":0,"share":100},{"id":774,"offset":0,"share":100},{"id":775,"offset":0,"share":100},{"id":779,"offset":0,"share":100},{"id":783,"offset":0,"share":100},{"id":784,"offset":0,"share":100},{"id":786,"offset":0,"share":100},{"id":793,"offset":0,"share":100},{"id":796,"offset":0,"share":100},{"id":800,"offset":0,"share":100},{"id":801,"offset":0,"share":100},{"id":804,"offset":0,"share":100},{"id":805,"offset":0,"share":0},{"id":806,"offset":0,"share":100},{"id":812,"offset":0,"share":100},{"id":814,"offset":0,"share":100},{"id":817,"offset":0,"share":100},{"id":820,"offset":0,"share":100},{"id":821,"offset":0,"share":100},{"id":822,"offset":0,"share":25},{"id":823,"offset":0,"share":100},{"id":829,"offset":0,"share":100},{"id":831,"offset":0,"share":100},{"id":833,"offset":0,"share":100},{"id":836,"offset":0,"share":100},{"id":837,"offset":0,"share":100},{"id":838,"offset":0,"share":100},{"id":839,"offset":0,"share":100},{"id":840,"offset":0,"share":100},{"id":842,"offset":23,"share":100},{"id":843,"offset":0,"share":100},{"id":845,"offset":0,"share":25},{"id":846,"offset":0,"share":100},{"id":847,"offset":0,"share":100},{"id":851,"offset":0,"share":10},{"id":854,"offset":0,"share":100},{"id":857,"offset":0,"share":100},{"id":859,"offset":0,"share":100},{"id":860,"offset":0,"share":100},{"id":862,"offset":0,"share":100},{"id":863,"offset":0,"share":100},{"id":864,"offset":0,"share":100},{"id":865,"offset":0,"share":100},{"id":866,"offset":0,"share":100},{"id":867,"offset":0,"share":100},{"id":871,"offset":0,"share":100},{"id":874,"offset":0,"share":5},{"id":875,"offset":0,"share":100},{"id":876,"offset":0,"share":100},{"id":878,"offset":0,"share":100},{"id":879,"offset":0,"share":1},{"id":880,"offset":0,"share":100},{"id":882,"offset":0,"share":50},{"id":883,"offset":0,"share":0},{"id":885,"offset":0,"share":100},{"id":886,"offset":0,"share":50},{"id":887,"offset":0,"share":0},{"id":888,"offset":0,"share":100},{"id":898,"offset":0,"share":1},{"id":901,"offset":0,"share":100},{"id":902,"offset":0,"share":100},{"id":904,"offset":0,"share":100},{"id":908,"offset":0,"share":100},{"id":910,"offset":0,"share":100},{"id":911,"offset":23,"share":100},{"id":912,"offset":0,"share":100},{"id":915,"offset":0,"share":100},{"id":916,"offset":0,"share":100},{"id":921,"offset":0,"share":100},{"id":929,"offset":0,"share":100},{"id":933,"offset":0,"share":100},{"id":944,"offset":0,"share":100},{"id":947,"offset":0,"share":0},{"id":953,"offset":0,"share":100},{"id":954,"offset":0,"share":20},{"id":964,"offset":0,"share":100},{"id":973,"offset":0,"share":100},{"id":977,"offset":0,"share":100},{"id":997,"offset":0,"share":100},{"id":1001,"offset":0,"share":0},{"id":1007,"offset":0,"share":100},{"id":1016,"offset":0,"share":100},{"id":1021,"offset":0,"share":100},{"id":1022,"offset":0,"share":100},{"id":1032,"offset":0,"share":100},{"id":1037,"offset":0,"share":100}],"settings":[{"id":0,"value":"VRR1TASCLT*|odsp35*|VNBP101*|*\\Abby|*\\moeuser|moeuser|*\\drxaccount|drxaccount|*\\TASClient|TASClient|PYXIDIS\\pulsar|PYXIDIS\\tank|LocalAdminUser|AdminUAC|*\\cloudtest|cloudtest|NTDEV\\ntlab"},{"id":1,"value":"0x8004de25|0x0000de2a|0x8004de40|0x8004de42|0x8004de43|0x8004de44|0x8004de85|0x8004de8b|0x8004deb2|0x8004deb6|0x8004dea0|0x8004deaa|0x8004deac|0x8004deae|0x8004deaf|0x8004dea3|0x8004dea9"},{"id":10,"value":"0"},{"id":105,"value":"-1071316797|-1071316963|-2147164539"},{"id":108,"value":"0x8004de40|0x8004de81|0x00000001"},{"id":109,"value":"350000"},{"id":11,"value":"desktop.ini|thumbs.db|Microsoft Edge.lnk"},{"id":110,"value":"3600"},{"id":111,"value":"604800"},{"id":112,"value":"604800"},{"id":113,"value":"1"},{"id":114,"value":"2"},{"id":117,"value":"7200000 "},{"id":118,"value":"300"},{"id":119,"value":"2048"},{"id":120,"value":"2048"},{"id":121,"value":"fpc.msedge.net\/conf\/v2\/odsync\/fpconfig.min.json"},{"id":122,"value":"100"},{"id":123,"value":"12429"},{"id":124,"value":"6"},{"id":125,"value":"Other"},{"id":127,"value":"1"},{"id":128,"value":"10"},{"id":129,"value":"6300000 "},{"id":130,"value":"120"},{"id":131,"value":"clients.config.office.net\/user\/v1.0\/windows\/ack"},{"id":132,"value":"roaming.officeapps.live.com\/rs\/RoamingSoapService.svc"},{"id":133,"value":"clients.config.office.net\/user\/v1.0\/windows\/policies"},{"id":134,"value":"roaming.officeapps.live.com\/rs\/RoamingSoapService.svc"},{"id":137,"value":"30"},{"id":138,"value":"600"},{"id":139,"value":"3"},{"id":14,"value":"600 "},{"id":140,"value":"14400"},{"id":144,"value":"14400"},{"id":145,"value":"10"},{"id":149,"value":"[{\n  \"name\": \"OD_CUSTOM_PROFILE\",\n  \"rules\": [\n    { \"netCost\": \"restricted\",                              \"timers\": [ -1, -1, -1 ] },\n    { \"netCost\": \"high\",        \"powerState\": \"unknown\",    \"timers\": [ 300, 30, 10 ] },\n    { \"netCost\": \"high\",        \"powerState\": \"battery\",    \"timers\": [ 300, 30, 10 ] },\n    { \"netCost\": \"high\",        \"powerState\": \"charging\",   \"timers\": [ 300, 30, 10 ] },\n    { \"netCost\": \"low\",         \"powerState\": \"unknown\",    \"timers\": [ 300, 30, 10 ] },\n    { \"netCost\": \"low\",         \"powerState\": \"battery\",    \"timers\": [ 300, 30, 10 ] },\n    { \"netCost\": \"low\",         \"powerState\": \"charging\",   \"timers\": [ 300, 30, 10 ] },\n    { \"netCost\": \"unknown\",     \"powerState\": \"unknown\",    \"timers\": [ 300, 30, 10 ] },\n    { \"netCost\": \"unknown\",     \"powerState\": \"battery\",    \"timers\": [ 300, 30, 10 ] },\n    { \"netCost\": \"unknown\",     \"powerState\": \"charging\",   \"timers\": [ 300, 30, 10 ] },\n    {                                                       \"timers\": [ -1, -1, -1 ] }\n  ]\n}]"},{"id":15,"value":"604800"},{"id":150,"value":"fpc.msedge.net\/conf\/v2\/odsync2\/fpconfig.min.json"},{"id":151,"value":"pst,nst,ost"},{"id":152,"value":"*.laccdb|*.tpm|thumbs.db|EhThumbs.db|Desktop.ini|.DS_Store|Icon\\r|.lock|.849C9593-D756-4E56-8D6E-42412F2A707B"},{"id":155,"value":"pst,nst,ost"},{"id":156,"value":""},{"id":157,"value":""},{"id":158,"value":"1"},{"id":159,"value":"604800"},{"id":16,"value":"|one|onepkg|onetoc|onetoc2|"},{"id":160,"value":"604800"},{"id":161,"value":"2"},{"id":162,"value":"302400"},{"id":163,"value":"302400"},{"id":164,"value":"4"},{"id":165,"value":"151200"},{"id":166,"value":"151200"},{"id":17,"value":"|doc|docm|docx|odt|odp|pps|ppsm|ppsx|ppt|pptm|pptx|vsd|vsdx|ods|xls|xlsb|xlsm|xlsx|"},{"id":18,"value":"|pst|"},{"id":19,"value":"22528"},{"id":2,"value":"0x8004de40|0x8004de42|0x8004de85|0x8004de8b|0x8004deb6|0x8004de9b|0x8004ded0|0x8004ded2|0x8004de45|0x8004de8a|0x8004ded5"},{"id":20,"value":"133120"},{"id":21,"value":"lnk|xlsx|xls|url|exe|zip|rar|rdp|appref-ms|msi|website|pdf|docx|xlsm|txt|pptx|msg|xml|doc|xlsb|pub|mht|accdb|csv|mp4|mp3|wav|bak|reg|mpp|html|pst|ini|pbix|mdb|indd|nal|dwg|saz|docm|oft|cer|pfx|dll|nfo|ics|rdg|vsdx|tsv|config|partial|script|one|kql|evtx|har|csl|ipynb|webm|iso|tm7|ts|application|nupkg|cab|mov|oxps|stp|dpk|avi"},{"id":22,"value":"minCountForConsideration:6"},{"id":23,"value":"1440"},{"id":24,"value":"4"},{"id":25,"value":"15"},{"id":26,"value":"100"},{"id":30,"value":"30"},{"id":36,"value":"40"},{"id":37,"value":"4096"},{"id":38,"value":"10240"},{"id":39,"value":"4096"},{"id":4,"value":"MSASCui.exe,1.1.14202.0,0,100|WSCStub.exe,22.11.0.40,0,100|Mcupdate.exe,16.5.144.0,0,100|shstat.exe,8.8.0.1906,0,100|fsavwsch.exe,11.0.23410.0,0,100|BullGuard.exe,18.0.0.167,0,100|wscfix.exe,22.0.14.171,0,100|wsc_proxy.exe,17.9.3748.0,0,100|MBAMWsc.exe,3.0.0.143,0,100|Pccntmon.exe,13.0.0.4253,0,100|wschandler.exe,12.0.0.1153,0,100|WRSA.exe,9.0.19.43,0,100|cawsc2.exe,10.3.0.726,0,100"},{"id":40,"value":"133120"},{"id":41,"value":"|pst|"},{"id":42,"value":"|pst|"},{"id":43,"value":"|one|onepkg|onetoc|onetoc2|"},{"id":45,"value":"200"},{"id":46,"value":"18.168.0820.0001"},{"id":47,"value":"18.168.0820.0001"},{"id":48,"value":"100"},{"id":49,"value":"1534956090"},{"id":5,"value":"0"},{"id":51,"value":"7200 "},{"id":52,"value":"7200"},{"id":53,"value":"2 "},{"id":57,"value":"200 "},{"id":58,"value":"64"},{"id":59,"value":"64"},{"id":60,"value":"604800"},{"id":61,"value":"350000"},{"id":62,"value":"403"},{"id":65,"value":"200"},{"id":66,"value":"60 "},{"id":67,"value":"60 "},{"id":68,"value":"CONVERGENCE:2;ASRT:2;DBRESET:2;STALLS:2;RFERROR:2;PSTALL:2;BLOCKAGE:2;HYDCOMPLETE:2;ExpectedThrottling:1;UnexpectedThrottling:2;THUMBNAIL:2;UXAUDITOR:2;SIGNIN:2;SETUP:2;FileSyncErrors:1;BLOCKAGE_v2:2;BLOCKAGE_v3:2"},{"id":69,"value":"401Retry|OfficeConversion_NotSupported|BadArgument_CantGenerateThumbnail|FileTooLarge|OfficeConversion_RegionNotSupported|503Retry"},{"id":7,"value":"0x80080300|0x80070102|0x800704cf|0x00000102|0x80070002|0xcaa20005|0xcaa20008"},{"id":70,"value":"400 "},{"id":71,"value":"120 "},{"id":78,"value":"1800"},{"id":79,"value":"30"},{"id":80,"value":"1296000"},{"id":81,"value":"10"},{"id":82,"value":"3600"},{"id":83,"value":"21600"},{"id":84,"value":"19.131.0704.0007"},{"id":85,"value":"05a0e69a-418a-47c1-9c25-9387261bf991|"},{"id":86,"value":"5 "},{"id":87,"value":"10 "},{"id":88,"value":"Antler"},{"id":89,"value":"86400 "},{"id":90,"value":"1"},{"id":91,"value":"10000 "},{"id":92,"value":"{\n    \"VALIDATION\": \"Please update DeviceHealthSettingsTests::ParseCurrentErrorMapTest to validate your changes\",\n    \"views\": [\n    {\n        \"label\": \"Staging\",\n        \"errors\": [\n        { \"ticker\": \"CONVERGENCE\", \"weight\": 4, \"subsets\": [ \"SCD\", \"CoreSync\" ] },\n        { \"ticker\": \"ASRT\", \"weight\": 10, \"subsets\": [ \"SCD\", \"CoreSync\" ] },\n        { \"ticker\": \"DBRESET\", \"weight\": 6, \"subsets\": [ \"SCD\", \"CoreSync\" ] },\n        { \"ticker\": \"STALLS\", \"weight\": 4, \"subsets\": [ \"SCD\", \"CoreSync\" ] },\n        { \"ticker\": \"RFERROR\", \"weight\": 8, \"subsets\": [ \"SCD\", \"CoreSync\" ] },\n        {\n            \"ticker\": \"PSTALL\",\n            \"weight\": 2,\n            \"children\": [\n            { \"ticker\": \"PSTALL_UNRCVRBL\", \"weight\": 4, \"subsets\": [ \"SCD\", \"CoreSync\" ] },\n            { \"ticker\": \"PSTALL_RCVRBL\", \"weight\": 3 },\n            { \"ticker\": \"PSTALL_CHND\", \"weight\": 0 }\n            ]\n        },\n        {\n            \"ticker\": \"BLOCKAGE\", \n            \"weight\": 0, \n            \"children\": [\n            { \"ticker\": \"BLOCKAGE_v2\", \"weight\": 4, \"subsets\": [ \"SCD\", \"CoreSync\" ] }\n            ]\n        },\n        {\n            \"ticker\": \"PERMASRT\",\n            \"weight\": 0,\n            \"children\": [\n            { \"ticker\": \"PERMASRT_FATAL\", \"weight\": 50, \"subsets\": [ \"SCD\", \"CoreSync\" ] },\n            { \"ticker\": \"PERMASRT_NONFATAL\", \"weight\": 0 }\n            ]\n        },\n        { \"ticker\": \"CRASH\", \"weight\": 10, \"subsets\": [ \"SCD\", \"CoreSync\" ] },\n        { \"ticker\": \"HYDCOMPLETE\", \"weight\": 5, \"subsets\": [ \"SCD\" ] },\n        { \"ticker\": \"ExpectedThrottling\", \"weight\": 1 },\n        { \"ticker\": \"UnexpectedThrottling\", \"weight\": 2 },\n        { \"ticker\": \"THUMBNAIL\", \"weight\": 1, \"subsets\": [ \"SCD\" ] },\n        { \"ticker\": \"UXAUDITOR\", \"weight\": 2, \"subsets\": [ \"SCD\", \"CoreSync\" ] },\n        { \"ticker\": \"SIGNIN\", \"weight\": 10, \"subsets\": [ \"SCD\" ] },\n        { \"ticker\": \"SETUP\", \"weight\": 10, \"subsets\": [ \"SCD\" ] },\n        { \"ticker\": \"FileSyncErrors\", \"weight\": 1, \"subsets\": [ \"CoreSync\" ] }\n        ]\n    },\n    {\n        \"label\": \"Production\",\n        \"errors\": [\n        { \"ticker\": \"CONVERGENCE\", \"weight\": 2, \"subsets\": [ \"SCD\" ] },\n        { \"ticker\": \"ASRT\", \"weight\": 2, \"subsets\": [ \"SCD\" ] },\n        { \"ticker\": \"DBRESET\", \"weight\": 2, \"subsets\": [ \"SCD\" ] },\n        { \"ticker\": \"STALLS\", \"weight\": 2, \"subsets\": [ \"SCD\" ] },\n        { \"ticker\": \"RFERROR\", \"weight\": 2, \"subsets\": [ \"SCD\" ] },\n        { \"ticker\": \"PSTALL\", \"weight\": 2, \"subsets\": [ \"SCD\" ] },\n        { \"ticker\": \"BLOCKAGE\", \"weight\": 2, \"subsets\": [ \"SCD\" ] },\n        { \"ticker\": \"HYDCOMPLETE\", \"weight\": 2, \"subsets\": [ \"SCD\" ] },\n        { \"ticker\": \"ExpectedThrottling\", \"weight\": 1 },\n        { \"ticker\": \"UnexpectedThrottling\", \"weight\": 2, \"subsets\": [ \"SCD\" ] },\n        { \"ticker\": \"THUMBNAIL\", \"weight\": 2, \"subsets\": [ \"SCD\" ] },\n        { \"ticker\": \"UXAUDITOR\", \"weight\": 2, \"subsets\": [ \"SCD\" ] },\n        { \"ticker\": \"SIGNIN\", \"weight\": 2, \"subsets\": [ \"SCD\" ] },\n        { \"ticker\": \"SETUP\", \"weight\": 2, \"subsets\": [ \"SCD\" ] },\n        { \"ticker\": \"FileSyncErrors\", \"weight\": 1 }\n        ]\n    }\n    ]\n}"},{"id":93,"value":"604800"},{"id":94,"value":"604800"},{"id":95,"value":"1"},{"id":96,"value":"GetSignature_HighFrequency,OpenUploadSession_HighFrequency,OpenUploadSession,GetSignature_FrequencyBackoff,OpenUploadSession_FrequencyBackoff"}]}