{"lastReportTime" : 1587101427,"scores" : [{"healthScore" : 0,"subsetName" : "","trend" : 0,"unhealthyReportCount" : 0,"viewLabel" : "Production"},{"healthScore" : 0,"subsetName" : "SCD","trend" : 0,"unhealthyReportCount" : 0,"viewLabel" : "Production"},{"healthScore" : 0,"subsetName" : "","trend" : 0,"unhealthyReportCount" : 0,"viewLabel" : "Staging"},{"healthScore" : 0,"subsetName" : "CoreSync","trend" : 0,"unhealthyReportCount" : 0,"viewLabel" : "Staging"},{"healthScore" : 0,"subsetName" : "SCD","trend" : 0,"unhealthyReportCount" : 0,"viewLabel" : "Staging"}]}